root_id,parent_id,root_order,length,chord_length,tortuosity,mean_radius,mean_diameter,median_diameter,minimum_diameter,maximum_diameter,surface_area,surface_area_method,volume,volume_method,point_count,confidence,qc_flags,length_unit,area_unit,volume_unit,lateral_start_count,selected_lateral_count,angle_deg,base_parent_angle_deg,tip_angle_parent_deg,tip_angle_primary_deg,tip_angle_z_deg,tip_gravity_angle_deg,tip_start_gravity_angle_deg,tip_primary_angle_deg,root_start_x,root_start_y,root_start_z,root_tip_x,root_tip_y,root_tip_z,gravity_dx,gravity_dy,gravity_dz,tip_vector_requested_window,tip_vector_arc_window,tip_vector_window_unit,tip_vector_start_x,tip_vector_start_y,tip_vector_start_z,tip_vector_end_x,tip_vector_end_y,tip_vector_end_z,tip_vector_dx,tip_vector_dy,tip_vector_dz,tip_start_vector_start_x,tip_start_vector_start_y,tip_start_vector_start_z,tip_start_vector_end_x,tip_start_vector_end_y,tip_start_vector_end_z,tip_start_vector_dx,tip_start_vector_dy,tip_start_vector_dz,base_vector_start_x,base_vector_start_y,base_vector_start_z,base_vector_end_x,base_vector_end_y,base_vector_end_z,base_vector_dx,base_vector_dy,base_vector_dz,primary_vector_start_x,primary_vector_start_y,primary_vector_start_z,primary_vector_end_x,primary_vector_end_y,primary_vector_end_z,primary_vector_dx,primary_vector_dy,primary_vector_dz,base_vector_requested_window,base_vector_arc_window,base_vector_window_unit,coordinate_unit
primary,,0,170.23986761660882,151.76335258310309,1.121745564518867,0.5803745582787623,1.1607491165575246,1.0218467509736666,0.4364693208516277,2.7818327574729613,611.8953336169157,partitioned_mesh_triangles,208.02842282189198,centerline_frustum_estimate,29190,0.746326934102728,abrupt_thickness_change,mesh_unit,mesh_unit^2,mesh_unit^3,0.0,73.0,,,,,,,,,3.0984822529110403,59.47876693900865,94.53763756193257,-19.688800811767578,67.32276916503912,-55.30002975463873,0.0,0.0,-1.0,,,,,,,,,,,,,,,,,,,,,,,,,,,,,,,,,,,,,,,,,,,mesh_unit
root-manual-9a21b0c55855,primary,1,5.079131304285793,1.7100657910917516,2.9701379506826697,0.39951375755582824,0.7990275151116565,0.7459501138054558,0.5406329091939102,1.0721872244519746,4.443347884435144,partitioned_mesh_triangles,2.739295477918273,centerline_frustum_estimate,287,0.0,manual_created_from_unassigned,mesh_unit,mesh_unit^2,mesh_unit^3,,,87.54693448179974,87.54693448179974,63.4422208956609,92.45306551820026,87.24972555755762,87.24972555755762,48.92923938676789,92.45306551820026,-16.97573854470241,68.719318556963,35.65016882844951,-15.70540239770025,68.93914858399663,34.52667167994562,0.0,0.0,-1.0,2.0,1.2697828260714483,mesh_unit,-14.912446905800278,68.07110257296202,34.583150486192245,-15.70540239770025,68.93914858399663,34.52667167994562,-0.7929554918999724,0.8680460110346075,-0.05647880624662349,-16.97573854470241,68.719318556963,35.65016882844951,-15.70540239770025,68.93914858399663,34.52667167994562,1.2703361470021584,0.2198300270336233,-1.123497148503887,-16.97573854470241,68.719318556963,35.65016882844951,-15.870472964710867,68.30050712867245,35.186128517048466,1.105265579991542,-0.41881142829055307,-0.4640403114010425,-16.76860288249622,68.52510682683341,36.608289367867044,-17.44242673915086,68.98614298848695,34.817734786558006,-0.6738238566546393,0.46103616165353856,-1.7905545813090384,2.0,1.2697828260714483,mesh_unit,mesh_unit
root-o1-001,primary,1,94.42710359547604,85.8468623414859,1.0999482219846222,0.41842488716956383,0.8368497743391277,0.831710654137682,0.49973297466941496,1.2143277035878743,230.42480503259137,partitioned_mesh_triangles,52.96379346724525,centerline_frustum_estimate,11669,0.6257085876101549,attachment_gap,mesh_unit,mesh_unit^2,mesh_unit^3,,,87.28729693908527,87.28729693908527,55.749490892795095,92.71270306091473,34.50433777477707,34.50433777477707,64.86455761774239,92.71270306091473,2.6691320818612496,59.199976061738404,90.56501004950792,78.51309204101562,76.16271209716803,54.10073852539057,0.0,0.0,-1.0,2.0,2.0,mesh_unit,78.30288478524065,75.06727691758783,55.723423813214545,78.51309204101562,76.16271209716803,54.10073852539057,0.210207255774975,1.0954351795801927,-1.6226852878239768,2.6691320818612496,59.199976061738404,90.56501004950792,78.51309204101562,76.16271209716803,54.10073852539057,75.84395995915438,16.96273603542962,-36.46427152411735,2.6691320818612496,59.199976061738404,90.56501004950792,4.412206656514871,60.085616261198844,90.14390143608881,1.7430745746536216,0.8856401994604397,-0.42110861341910777,2.7444679895676596,59.453005789733645,91.52749551946516,2.54156148795302,58.7604321338508,89.67742585084505,-0.20290650161463963,-0.6925736558828461,-1.8500696686201081,2.0,2.0,mesh_unit,mesh_unit
root-o1-002,primary,1,59.51073727211753,55.74027378848334,1.0676434331474922,0.3895808118036579,0.7791616236073158,0.7802321143185134,0.374410076281844,1.1627485622488594,130.83673790415548,partitioned_mesh_triangles,29.115036593350396,centerline_frustum_estimate,6846,0.5789221712047141,attachment_gap,mesh_unit,mesh_unit^2,mesh_unit^3,,,85.65516784022242,85.65516784022242,86.54236876703918,94.34483215977758,47.10014317424194,47.10014317424194,58.608913803894836,94.34483215977758,2.330464552100551,57.999690693988576,88.63461690765337,-18.74430274963379,100.65962219238284,59.600799560546875,0.0,0.0,-1.0,2.0,2.0,mesh_unit,-18.40720655687888,99.23796041861264,60.95851248358221,-18.74430274963379,100.65962219238284,59.600799560546875,-0.33709619275490965,1.4216617737701966,-1.3577129230353364,2.330464552100551,57.999690693988576,88.63461690765337,-18.74430274963379,100.65962219238284,59.600799560546875,-21.07476730173434,42.659931498394265,-29.033817347106492,2.330464552100551,57.999690693988576,88.63461690765337,1.63200774702864,59.5548081925705,87.58878343283386,-0.6984568050719111,1.5551174985819216,-1.0458334748195028,2.490996588824137,58.595875647124615,89.41966541523199,2.229186948508687,57.28910949311474,87.93991465576474,-0.26180964031544995,-1.3067661540098712,-1.479750759467251,2.0,2.0,mesh_unit,mesh_unit
root-o1-003,primary,1,77.61757483928676,74.65045732195861,1.0397468096482159,0.3866186476661093,0.7732372953322186,0.7854490566970963,0.41243291936196125,1.097251490065398,173.50575238543576,partitioned_mesh_triangles,37.361166831804034,centerline_frustum_estimate,8993,0.6069727010644712,attachment_gap,mesh_unit,mesh_unit^2,mesh_unit^3,,,86.82418979435052,86.82418979435052,72.77110400171877,93.17581020564948,71.42698727434384,71.42698727434384,77.78605481848565,93.17581020564948,2.245320117426104,57.458844882853384,88.09418486084093,-70.71299743652344,58.04867553710937,72.30093383789061,0.0,0.0,-1.0,2.0,2.0,mesh_unit,-68.84321597871703,58.081026648159394,72.92929856398099,-70.71299743652344,58.04867553710937,72.30093383789061,-1.8697814578064111,-0.032351111050026304,-0.628364726090382,2.245320117426104,57.458844882853384,88.09418486084093,-70.71299743652344,58.04867553710937,72.30093383789061,-72.95831755394954,0.5898306542559837,-15.793251022950315,2.245320117426104,57.458844882853384,88.09418486084093,0.3313132858780172,57.271834382361845,88.64337055028773,-1.9140068315480867,-0.18701050049153878,0.5491856894468015,2.3641177983249446,58.149241894518894,88.80594715190456,2.226816619387436,56.708397949351145,87.43450778392713,-0.1373011789375087,-1.4408439451677495,-1.3714393679774304,2.0,2.0,mesh_unit,mesh_unit
root-o1-004,primary,1,3.3533486293534964,2.461796235706167,1.362155234749389,0.40743242202813756,0.8148648440562751,0.826460357121747,0.6859044938353648,0.8749291754086813,2.511450119979484,partitioned_mesh_triangles,1.853199612771081,centerline_frustum_estimate,142,0.5350255614036502,attachment_gap;low_confidence,mesh_unit,mesh_unit^2,mesh_unit^3,,,84.94847975682625,84.94847975682625,135.8904377296704,95.05152024317375,122.93830526667088,122.93830526667088,138.23539766026545,95.05152024317375,2.2722553295597834,55.30783424919366,85.66484471861042,3.9068665504455566,55.1783332824707,87.50106811523438,0.0,0.0,-1.0,2.0,0.8383371573383744,mesh_unit,3.4005947879137697,54.81292877563267,87.0965559599235,3.9068665504455566,55.1783332824707,87.50106811523438,0.506271762531787,0.3654045068380327,0.4045121553108686,2.2722553295597834,55.30783424919366,85.66484471861042,3.9068665504455566,55.1783332824707,87.50106811523438,1.6346112208857733,-0.12950096672295786,1.83622339662395,2.2722553295597834,55.30783424919366,85.66484471861042,2.8147356118657374,54.77147768989934,86.01247379389815,0.542480282305954,-0.5363565592943189,0.3476290752877276,2.2728926827305203,55.839686326979574,86.5100282587438,2.242439156390222,54.93481917196149,84.73909149599363,-0.030453526340298076,-0.9048671550180813,-1.7709367627501678,2.0,0.8383371573383742,mesh_unit,mesh_unit
root-o1-005,primary,1,46.7421180879009,41.07985226533208,1.137835593614033,0.37286974303024106,0.7457394860604821,0.736680790642219,0.5902730280736802,1.4924312788551775,99.26627014843773,partitioned_mesh_triangles,20.458750333392636,centerline_frustum_estimate,5209,0.6873167811832365,attachment_gap,mesh_unit,mesh_unit^2,mesh_unit^3,,,77.85008155751378,77.85008155751378,83.5601135186086,77.85008155751378,97.14181279107899,97.14181279107899,64.06184958738505,77.85008155751378,2.242205428711813,54.85193790586929,84.40216196195001,17.422998428344727,21.17351722717284,66.43380737304688,0.0,0.0,-1.0,2.0,2.0,mesh_unit,17.340210657502787,23.06542677523398,66.19652852424267,17.422998428344727,21.17351722717284,66.43380737304688,0.08278777084193933,-1.8919095480611396,0.23727884880420902,2.242205428711813,54.85193790586929,84.40216196195001,17.422998428344727,21.17351722717284,66.43380737304688,15.180792999632914,-33.678420678696455,-17.96835458890314,2.242205428711813,54.85193790586929,84.40216196195001,3.4737706333201084,53.33063709097959,84.34368478038488,1.2315652046082954,-1.521300814889699,-0.058477181565137926,2.2604303601191256,55.159183535971735,85.3513324636967,2.2565454950939383,54.690941147979025,83.41576946534445,-0.0038848650251872563,-0.46824238799271,-1.9355629983522533,2.0,2.0,mesh_unit,mesh_unit
root-o1-006,primary,1,78.6242598129974,72.65515963549304,1.0821565902194834,0.4141998817163317,0.8283997634326634,0.8355447801053695,0.5554075490032634,1.9748337513915217,187.1600308311542,partitioned_mesh_triangles,43.90224817081769,centerline_frustum_estimate,9319,0.6046573164628299,attachment_gap,mesh_unit,mesh_unit^2,mesh_unit^3,,,74.38721399294931,74.38721399294931,65.98133809684005,105.61278600705069,71.20122417180792,71.20122417180792,80.7387923869741,105.61278600705069,2.2464858724586776,54.776806934228745,84.02466719308592,59.80797576904297,12.013207435607901,72.33186340332031,0.0,0.0,-1.0,2.0,2.0,mesh_unit,58.20873357829109,12.918700456011845,72.95745629104407,59.80797576904297,12.013207435607901,72.33186340332031,1.5992421907518803,-0.9054930204039433,-0.6255928877237551,2.2464858724586776,54.776806934228745,84.02466719308592,59.80797576904297,12.013207435607901,72.33186340332031,57.56148989658429,-42.76359949862084,-11.692803789765605,2.2464858724586776,54.776806934228745,84.02466719308592,3.3639864988731496,53.56713165358455,84.75548491053286,1.117500626414472,-1.2096752806441913,0.7308177174469392,2.249045099731192,55.019482859275286,84.99308075396155,2.253995377112119,54.640401216355656,83.03414576405157,0.004950277380927126,-0.37908164291962976,-1.9589349899099773,2.0,2.0,mesh_unit,mesh_unit
root-o1-007,primary,1,2.315001033790099,1.5307190274468434,1.5123618327599908,0.20584143480273753,0.41168286960547507,0.41168286960547507,0.41168286960547507,0.41168286960547507,0.09955580907843192,partitioned_mesh_triangles,0.30815318641341083,centerline_frustum_estimate,8,0.7864644368696843,short_trace;shared_origin_promoted,mesh_unit,mesh_unit^2,mesh_unit^3,,,89.32011466202471,89.32011466202471,157.3404723313483,90.67988533797529,146.48658514227452,146.48658514227452,123.21592542916038,90.67988533797529,2.2464858724586776,54.776806934228745,84.02466719308592,3.0669117882596453,53.79350439950313,84.8631886196888,0.0,0.0,-1.0,2.0,0.5787502584475246,mesh_unit,3.0371083490788715,53.49540993476173,84.41080182578425,3.0669117882596453,53.79350439950313,84.8631886196888,0.029803439180773772,0.29809446474139634,0.4523867939045516,2.2464858724586776,54.776806934228745,84.02466719308592,3.0669117882596453,53.79350439950313,84.8631886196888,0.8204259158009677,-0.9833025347256168,0.8385214266028811,2.2464858724586776,54.776806934228745,84.02466719308592,2.4971935327785575,54.26615385408341,84.13111418669351,0.2507076603198799,-0.5106530801453317,0.10644699360759091,2.249045099731192,55.019482859275286,84.99308075396155,2.253995377112119,54.640401216355656,83.03414576405157,0.004950277380927126,-0.37908164291962976,-1.9589349899099773,2.0,0.5787502584475247,mesh_unit,mesh_unit
root-o1-008,primary,1,31.36519264484123,30.171309483177804,1.0395701473391163,0.2942096220164949,0.5884192440329898,0.5776966699692303,0.4934854611119171,0.9355860025752877,49.06831695419608,partitioned_mesh_triangles,8.507244332916766,centerline_frustum_estimate,2965,0.6683792657441476,attachment_gap,mesh_unit,mesh_unit^2,mesh_unit^3,,,88.21416684617006,88.21416684617006,70.71210159077958,88.21416684617006,70.97963182598622,70.97963182598622,77.05082801666657,88.21416684617006,2.255855115028041,54.67064563799171,83.26196231272468,31.541429519653306,52.0339584350586,76.5009765625,0.0,0.0,-1.0,2.0,2.0,mesh_unit,29.707752109747773,52.329485541666656,77.14124839739847,31.541429519653306,52.0339584350586,76.5009765625,1.8336774099055333,-0.2955271066080556,-0.6402718348984706,2.255855115028041,54.67064563799171,83.26196231272468,31.541429519653306,52.0339584350586,76.5009765625,29.285574404625265,-2.6366872029331105,-6.760985750224677,2.255855115028041,54.67064563799171,83.26196231272468,4.077725154870279,55.46962851501237,83.05601105598407,1.8218700398422385,0.7989828770206557,-0.20595125674060455,2.243435567205666,54.819240388180276,84.25050978213203,2.213968709925019,54.53254443451578,82.27276320483493,-0.029466857280646686,-0.2866959536644984,-1.977746577297097,2.0,2.0,mesh_unit,mesh_unit
root-o1-009,primary,1,2.265360390708649,0.6275919835882864,3.6096069579415997,0.4996361233763582,0.9992722467527164,0.9992722467527164,0.9992722467527164,0.9992722467527164,0.054646595518899624,partitioned_mesh_triangles,1.7766211810590373,centerline_frustum_estimate,4,0.7565511448972705,shared_origin_promoted,mesh_unit,mesh_unit^2,mesh_unit^3,,,69.17064706782148,69.17064706782148,89.16380012015449,69.17064706782148,90.0,90.0,95.74213266269398,69.17064706782148,1.9449766281668275,54.200148032901,80.23821864976506,2.1709494590759277,53.61802673339844,80.30101013183594,0.0,0.0,-1.0,2.0,0.5663400976771622,mesh_unit,1.6662980617303302,53.87506383849051,80.30101013183594,2.1709494590759277,53.61802673339844,80.30101013183594,0.5046513973455975,-0.2570371050920741,0.0,1.9449766281668275,54.200148032901,80.23821864976506,2.1709494590759277,53.61802673339844,80.30101013183594,0.22597283090910025,-0.5821212995025604,0.06279148207087815,1.9449766281668275,54.200148032901,80.23821864976506,1.4212014738276255,54.07211266884384,80.0649915171193,-0.523775154339202,-0.12803536405715477,-0.1732271326457635,2.071517817210452,54.366029389394384,81.21531691233324,2.0078395550431507,54.17730549907196,79.24429357386512,-0.0636782621673011,-0.18872389032242154,-1.9710233384681146,2.0,0.5663400976771622,mesh_unit,mesh_unit
root-o1-010,primary,1,22.36882469146961,19.92555548456102,1.1226198792200155,0.3658558893474517,0.7317117786949034,0.6778440325084747,0.29412403364062983,3.348020707709266,42.906500587768654,partitioned_mesh_triangles,17.452794670362685,centerline_frustum_estimate,2480,0.6926921374254493,attachment_gap,mesh_unit,mesh_unit^2,mesh_unit^3,,,83.63279073862154,83.63279073862154,89.30901215934031,96.36720926137846,87.87699791801394,87.87699791801394,67.69231485156136,96.36720926137846,1.9664696087077544,54.15593193122784,79.66426907372349,-13.830730438232408,44.65477371215821,72.10092163085938,0.0,0.0,-1.0,2.0,2.0,mesh_unit,-12.095474304374141,45.634146832212245,72.1747864227616,-13.830730438232408,44.65477371215821,72.10092163085938,-1.7352561338582664,-0.979373120054035,-0.07386479190222417,1.9664696087077544,54.15593193122784,79.66426907372349,-13.830730438232408,44.65477371215821,72.10092163085938,-15.797200046940162,-9.50115821906963,-7.563347442864114,1.9664696087077544,54.15593193122784,79.66426907372349,0.1370288127590271,53.64977352546222,79.82044526084506,-1.8294407959487273,-0.5061584057656177,0.15617618712157366,1.9800534580047022,54.26700127337713,80.65444604558441,2.0424801521338805,54.257070450300866,78.67477209573012,0.06242669412917823,-0.009930823076267359,-1.9796739498542877,2.0,2.0,mesh_unit,mesh_unit
root-o1-011,primary,1,9.030701976378829,7.557795429306667,1.194885738949841,0.2856854832175882,0.5713709664351764,0.5209669244346973,0.2571324754877575,1.1638123258571467,12.619551396095714,partitioned_mesh_triangles,3.08977185684258,centerline_frustum_estimate,841,0.7918979271554354,,mesh_unit,mesh_unit^2,mesh_unit^3,,,66.50441558994802,66.50441558994802,85.24792727085566,113.49558441005198,82.80903250867243,82.80903250867243,93.20270784065684,113.49558441005198,2.0391348376550553,54.215850940243854,78.90173046452307,5.5776896476745605,47.55097198486328,79.323974609375,0.0,0.0,-1.0,2.0,2.0,mesh_unit,4.001852841750147,48.69604246922907,79.56974395862507,5.5776896476745605,47.55097198486328,79.323974609375,1.5758368059244132,-1.1450704843657888,-0.2457693492500681,2.0391348376550553,54.215850940243854,78.90173046452307,5.5776896476745605,47.55097198486328,79.323974609375,3.5385548100195052,-6.664878955380573,0.4222441448519305,2.0391348376550553,54.215850940243854,78.90173046452307,2.9111890037125194,53.17584602602599,79.38778586254232,0.8720541660574641,-1.0400049142178673,0.48605539801924635,1.9505276238909988,54.16845152799446,79.89407214837735,2.0160100667509835,54.39980623845548,77.91968954106264,0.06548244285998472,0.2313547104610194,-1.974382607314709,2.0,2.0,mesh_unit,mesh_unit
root-o1-012,primary,1,2.609483692698344,1.1024866824591957,2.3669072236570297,0.3331986010265149,0.6663972020530298,0.6646824459771803,0.6627206965048584,0.6735032197529002,1.6184217755265602,partitioned_mesh_triangles,0.911964043921444,centerline_frustum_estimate,90,0.7641591839853606,shared_origin_promoted,mesh_unit,mesh_unit^2,mesh_unit^3,,,60.7427644730041,60.7427644730041,4.15481719418091,119.2572355269959,12.950538657072512,12.950538657072512,66.88853937023248,119.2572355269959,2.042082500637761,54.319811857558086,78.33371974069621,1.028982162475586,54.36262130737305,77.90097045898438,0.0,0.0,-1.0,2.0,0.652370923174586,mesh_unit,1.0654994465249614,54.22310533744593,78.52810752203719,1.028982162475586,54.36262130737305,77.90097045898438,-0.03651728404937549,0.13951596992711757,-0.6271370630528139,2.042082500637761,54.319811857558086,78.33371974069621,1.028982162475586,54.36262130737305,77.90097045898438,-1.0131003381621753,0.04280944981496049,-0.43274928171183547,2.042082500637761,54.319811857558086,78.33371974069621,1.4750336706765275,54.227708291614476,78.64284815896883,-0.5670488299612337,-0.09210356594361002,0.3091284182726213,1.999484826645053,54.17013224510811,79.3197537140518,1.994391353880965,54.50919752540756,77.35307993764516,-0.005093472764087892,0.33906528029945093,-1.9666737764066369,2.0,0.652370923174586,mesh_unit,mesh_unit
root-o1-013,primary,1,33.8179489685058,32.40584622558781,1.0435755552590074,0.3546204913387892,0.7092409826775784,0.6951973151726178,0.5872190082904534,1.3819305717160812,65.42740828210091,partitioned_mesh_triangles,13.360348267757518,centerline_frustum_estimate,3504,0.776485623694213,,mesh_unit,mesh_unit^2,mesh_unit^3,,,60.974293100205486,60.974293100205486,101.9163724096456,119.02570689979451,90.7058384281293,90.7058384281293,79.57411674065735,119.02570689979451,1.9050100197940054,54.94250231132278,75.52548294833466,33.36562728881839,49.84556961059572,69.66120910644533,0.0,0.0,-1.0,2.0,2.0,mesh_unit,31.42955446057269,49.77808020437389,69.63734253514171,33.36562728881839,49.84556961059572,69.66120910644533,1.936072828245699,0.06748940622182431,0.023866571303614137,1.9050100197940054,54.94250231132278,75.52548294833466,33.36562728881839,49.84556961059572,69.66120910644533,31.460617269024382,-5.096932700727059,-5.864273841889329,1.9050100197940054,54.94250231132278,75.52548294833466,3.578488842684703,54.1336752843255,75.85041447652502,1.6734788228906976,-0.8088270269972782,0.324931528190362,2.00282566906685,54.68648164236682,76.48384624551316,1.5938585460854882,55.34724948470144,74.66684297620036,-0.40896712298136184,0.6607678423346215,-1.8170032693128064,2.0,2.0,mesh_unit,mesh_unit
root-o1-014,primary,1,30.231450617638096,28.0097218416106,1.0793199157275082,0.3968146468788728,0.7936292937577456,0.7800614392814817,0.6190641999441293,1.118620950179552,65.82759887146167,partitioned_mesh_triangles,15.206965887548392,centerline_frustum_estimate,3437,0.7840768062030566,,mesh_unit,mesh_unit^2,mesh_unit^3,,,64.91036105794758,64.91036105794758,90.92337497446141,115.08963894205242,69.80286336253721,69.80286336253721,70.33763187476873,115.08963894205242,1.9050100197940054,54.94250231132278,75.52548294833466,16.395835876464844,32.90306091308594,66.10086059570312,0.0,0.0,-1.0,2.0,2.0,mesh_unit,14.871976186569007,33.889334000787535,66.76861426334641,16.395835876464844,32.90306091308594,66.10086059570312,1.5238596898958363,-0.9862730877015977,-0.6677536676432823,1.9050100197940054,54.94250231132278,75.52548294833466,16.395835876464844,32.90306091308594,66.10086059570312,14.490825856670838,-22.03944139823684,-9.42462235263153,1.9050100197940054,54.94250231132278,75.52548294833466,3.1902530839052323,53.705574555702974,75.60995992760196,1.285243064111227,-1.2369277556198028,0.08447697926730768,2.00282566906685,54.68648164236682,76.48384624551316,1.5938585460854882,55.34724948470144,74.66684297620036,-0.40896712298136184,0.6607678423346215,-1.8170032693128064,2.0,2.0,mesh_unit,mesh_unit
root-o1-015,primary,1,21.629608036726925,20.988703421402104,1.0305356935327075,0.3717256667702458,0.7434513335404916,0.652696398164591,0.5585089126827236,4.6560110236347585,44.142593524584086,partitioned_mesh_triangles,25.093262778279325,centerline_frustum_estimate,2504,0.6600478576308489,attachment_gap,mesh_unit,mesh_unit^2,mesh_unit^3,,,80.50213990814686,80.50213990814686,90.17185965472879,99.49786009185314,83.00544455098809,83.00544455098809,74.7998786812498,99.49786009185314,1.81733742297466,56.655204929288544,66.30388082414649,18.443286895751953,68.223258972168,60.80082702636719,0.0,0.0,-1.0,2.0,2.0,mesh_unit,16.65713300809911,67.44273322475114,61.0399765171155,18.443286895751953,68.223258972168,60.80082702636719,1.7861538876528442,0.7805257474168599,-0.2391494907483107,1.81733742297466,56.655204929288544,66.30388082414649,18.443286895751953,68.223258972168,60.80082702636719,16.625949472777293,11.568054042879453,-5.503053797779302,1.81733742297466,56.655204929288544,66.30388082414649,3.222645512299389,58.02165176793154,66.36191805065421,1.4053080893247292,1.366446838642993,0.058037226507721584,1.7525750303334102,56.7581768471374,67.29232348849884,1.5710906134051497,56.562195627960605,65.34562170369557,-0.18148441692826056,-0.19598121917679379,-1.9467017848032668,2.0,2.0,mesh_unit,mesh_unit
root-o1-016,primary,1,3.183894959763,2.1654234259934126,1.4703336638663878,0.40933916254466945,0.8186783250893389,0.8281599458977611,0.7458336647848571,0.9100573899913458,3.104030650503767,partitioned_mesh_triangles,1.7090814368862774,centerline_frustum_estimate,168,0.6748497396035016,attachment_gap,mesh_unit,mesh_unit^2,mesh_unit^3,,,84.95959748066555,84.95959748066555,109.77331232348779,95.04040251933445,125.99015026063799,125.99015026063799,89.40664923003098,95.04040251933445,1.2768660598146084,56.54175934658605,64.89768396021772,1.9840706586837769,58.588321685791016,64.87525939941406,0.0,0.0,-1.0,2.0,0.79597373994075,mesh_unit,2.0996759589289957,57.966502503510974,64.41590605885114,1.9840706586837769,58.588321685791016,64.87525939941406,-0.11560530024521887,0.6218191822800421,0.4593533405629273,1.2768660598146084,56.54175934658605,64.89768396021772,1.9840706586837769,58.588321685791016,64.87525939941406,0.7072045988691684,2.046562339204968,-0.022424560803656846,1.2768660598146084,56.54175934658605,64.89768396021772,1.8575486637146632,56.87037455553691,64.4636402381697,0.5806826039000548,0.3286152089508647,-0.4340437220480169,1.7294365724805727,56.60006639204251,65.77806991663545,0.454568453782748,56.59395249268824,64.37349146309505,-1.2748681186978246,-0.006113899354268426,-1.4045784535403953,2.0,0.79597373994075,mesh_unit,mesh_unit
root-o1-017,primary,1,2.664705489567482,1.4422202620081663,1.8476411403741557,0.08414746306347957,0.16829492612695915,0.16829492612695915,0.16829492612695915,0.16829492612695915,1.4088673741597997,centerline_frustum_estimate,0.05927630766422661,centerline_frustum_estimate,1,0.768209975085562,shared_origin_promoted,mesh_unit,mesh_unit^2,mesh_unit^3,,,53.70192115330109,53.70192115330109,140.06277162510747,53.70192115330109,93.55814089671642,93.55814089671642,63.21562933699313,53.70192115330109,1.1554608494860616,56.538837387990434,64.75077414086212,2.4301018714904785,56.7202262878418,64.10086059570311,0.0,0.0,-1.0,2.0,0.6661763723918706,mesh_unit,1.781391671078578,56.86602314638025,64.05951678050589,2.4301018714904785,56.7202262878418,64.10086059570311,0.6487102004119005,-0.14579685853845348,0.041343815197222966,1.1554608494860616,56.538837387990434,64.75077414086212,2.4301018714904785,56.7202262878418,64.10086059570311,1.2746410220044169,0.1813888998513633,-0.6499135451590092,1.1554608494860616,56.538837387990434,64.75077414086212,1.2231566726996779,56.51473167112387,64.08848481657327,0.06769582321361622,-0.02410571686656482,-0.6622893242888495,1.6673447658633471,56.58391621253631,65.59864293457298,0.2702966517316802,56.61812884829024,64.33118703355504,-1.3970481141316669,0.03421263575393141,-1.2674559010179394,2.0,0.6661763723918706,mesh_unit,mesh_unit
root-o1-018,primary,1,31.243935437647714,28.750744339681,1.0867174452428239,0.36684217607266,0.73368435214532,0.7073133737043964,0.578185728403677,1.3064095747611932,62.75614884713675,partitioned_mesh_triangles,13.635826596343126,centerline_frustum_estimate,3342,0.6927188288044234,attachment_gap,mesh_unit,mesh_unit^2,mesh_unit^3,,,71.97362496971263,71.97362496971263,57.986643042498855,108.02637503028737,4.802499809423515,4.802499809423515,22.604866749185426,108.02637503028737,0.9964302505688778,56.547494384823125,64.64256723869892,11.9818181991577,55.34477233886719,38.10052490234375,0.0,0.0,-1.0,2.0,2.0,mesh_unit,11.840941566065263,55.418509128565695,39.99310275359598,11.9818181991577,55.34477233886719,38.10052490234375,0.1408766330924376,-0.07373678969850772,-1.892577851252227,0.9964302505688778,56.547494384823125,64.64256723869892,11.9818181991577,55.34477233886719,38.10052490234375,10.985387948588823,-1.2027220459559373,-26.542042336355166,0.9964302505688778,56.547494384823125,64.64256723869892,2.2298647351856933,56.55737008776506,63.7625520396274,1.2334344846168155,0.009875702941933184,-0.880015199071515,1.602443991258342,56.56786385167778,65.41807544074197,0.08361749495881463,56.64508957074651,64.2968692716968,-1.5188264962995273,0.07722571906872844,-1.1212061690451662,2.0,2.0,mesh_unit,mesh_unit
root-o1-019,primary,1,5.1971582342461335,3.4053799101847004,1.526161066112665,0.634168498663706,1.268336997327412,1.3222722886429126,0.666009497828445,1.6129074144363553,11.078067473141246,partitioned_mesh_triangles,6.967957788041949,centerline_frustum_estimate,671,0.6213428112870526,attachment_gap,mesh_unit,mesh_unit^2,mesh_unit^3,,,70.49249253266179,70.49249253266179,39.24691848425267,70.49249253266179,99.57610727414648,99.57610727414648,75.81723366413662,70.49249253266179,0.6783690527344959,56.56480837848852,64.42615343437251,-2.6170787811279297,56.36366271972656,63.59178161621095,0.0,0.0,-1.0,2.0,1.2992895585615338,mesh_unit,-1.4846090221210007,55.805149983558366,63.37875261236245,-2.6170787811279297,56.36366271972656,63.59178161621095,-1.132469759006929,0.558512736168197,0.21302900384850432,0.6783690527344959,56.56480837848852,64.42615343437251,-2.6170787811279297,56.36366271972656,63.59178161621095,-3.2954478338624256,-0.2011456587619591,-0.8343718181615571,0.6783690527344959,56.56480837848852,64.42615343437251,0.7141390441226523,56.1473840103991,63.19626288573484,0.0357699913881564,-0.41742436808942074,-1.2298905486376697,1.4119340515223668,56.548679205799914,65.08588188153611,-0.29263528798944954,56.724275444606945,64.31365257063347,-1.7045693395118164,0.17559623880703157,-0.7722293109026452,2.0,1.2992895585615338,mesh_unit,mesh_unit
root-o1-022,primary,1,3.2018983779008297,2.0967765464162746,1.5270575128157478,0.0,0.0,0.0,0.0,0.0,0.0,centerline_frustum_estimate,0.0,centerline_frustum_estimate,0,0.8693159885042243,shared_origin_promoted,mesh_unit,mesh_unit^2,mesh_unit^3,,,81.5343508180507,81.5343508180507,128.30780794455833,98.4656491819493,57.611117199938576,57.611117199938576,50.34213832336268,98.4656491819493,-1.4797879764300035,57.199335179727825,64.54464452002622,-0.5930383176204401,55.8504625998102,63.20647797906473,0.0,0.0,-1.0,2.0,0.8004745944752072,mesh_unit,-1.2134291596276208,55.64830112001744,63.620388433300725,-0.5930383176204401,55.8504625998102,63.20647797906473,0.6203908420071806,0.2021614797927569,-0.41391045423599593,-1.4797879764300035,57.199335179727825,64.54464452002622,-0.5930383176204401,55.8504625998102,63.20647797906473,0.8867496588095634,-1.348872579917625,-1.3381665409614953,-1.4797879764300035,57.199335179727825,64.54464452002622,-1.763042847354677,56.52180134661988,64.22609443057128,-0.2832548709246736,-0.6775338331079439,-0.3185500894549449,-0.5880746287805763,56.799750962517344,64.34724983669125,-2.2969325540949206,57.76623601242499,64.54091607664994,-1.7088579253143443,0.9664850499076465,0.19366623995868792,2.0,0.8004745944752074,mesh_unit,mesh_unit
root-o1-023,primary,1,2.173860393691033,1.1878307319815564,1.8301095729898886,0.0,0.0,0.0,0.0,0.0,0.0,centerline_frustum_estimate,0.0,centerline_frustum_estimate,0,0.733465314957723,shared_origin_promoted,mesh_unit,mesh_unit^2,mesh_unit^3,,,88.88492432384213,88.88492432384213,135.9969168262355,91.11507567615787,117.78220758339614,117.78220758339614,118.51124921391629,91.11507567615787,-1.4797879764300035,57.199335179727825,64.54464452002622,-0.9146586060523987,56.32178497314453,65.11163330078125,0.0,0.0,-1.0,2.0,0.5434650984227583,mesh_unit,-1.3954739907523013,56.32033413764192,64.85831773845653,-0.9146586060523987,56.32178497314453,65.11163330078125,0.4808153846999026,0.0014508355026094932,0.2533155623247154,-1.4797879764300035,57.199335179727825,64.54464452002622,-0.9146586060523987,56.32178497314453,65.11163330078125,0.5651293703776048,-0.8775502065832939,0.5669887807550253,-1.4797879764300035,57.199335179727825,64.54464452002622,-1.7370399105424235,56.72073377853874,64.55543592303592,-0.25725193411242,-0.47860140118908845,0.010791403009690725,-0.5880746287805763,56.799750962517344,64.34724983669125,-2.2969325540949206,57.76623601242499,64.54091607664994,-1.7088579253143443,0.9664850499076465,0.19366623995868792,2.0,0.5434650984227583,mesh_unit,mesh_unit
root-o1-024,primary,1,1.7400753201076982,1.5613698660010742,1.1144542737745529,0.0,0.0,0.0,0.0,0.0,0.0,centerline_frustum_estimate,0.0,centerline_frustum_estimate,0,0.7711510109382832,short_trace;shared_origin_promoted,mesh_unit,mesh_unit^2,mesh_unit^3,,,85.50268973113045,85.50268973113045,86.4937024501241,85.50268973113045,35.22141701378831,35.22141701378831,67.8054964386404,85.50268973113045,-1.4797879764300035,57.199335179727825,64.54464452002622,-2.343099355697632,56.03972625732422,63.954833984375,0.0,0.0,-1.0,2.0,0.43501883002692443,mesh_unit,-2.1696109018561742,56.220959765699924,64.31020559403514,-2.343099355697632,56.03972625732422,63.954833984375,-0.1734884538414576,-0.18123350837570484,-0.35537160966013914,-1.4797879764300035,57.199335179727825,64.54464452002622,-2.343099355697632,56.03972625732422,63.954833984375,-0.8633113792676284,-1.1596089224036064,-0.5898105356512247,-1.4797879764300035,57.199335179727825,64.54464452002622,-1.724086109816329,56.83962741148266,64.53160128553344,-0.24429813338632544,-0.3597077682451655,-0.013043234492783995,-0.5880746287805763,56.799750962517344,64.34724983669125,-2.2969325540949206,57.76623601242499,64.54091607664994,-1.7088579253143443,0.9664850499076465,0.19366623995868792,2.0,0.43501883002692454,mesh_unit,mesh_unit
root-o1-025,primary,1,3.034089888905208,2.0842695599683547,1.4557089673906067,0.32542460353015606,0.6508492070603121,0.6497276076106675,0.48272649723674615,0.8112273828471503,2.2198844585668898,partitioned_mesh_triangles,1.0322511699560597,centerline_frustum_estimate,133,0.6994234311247857,,mesh_unit,mesh_unit^2,mesh_unit^3,,,79.43426319877484,79.43426319877484,46.033883260908375,100.56573680122516,139.501219167053,139.501219167053,151.34252322063202,100.56573680122516,-1.6425543065440564,57.29722595428948,64.57192751171166,-2.6417360305786133,57.269798278808594,66.40087890625,0.0,0.0,-1.0,2.0,0.7585224722263022,mesh_unit,-2.2448846475424507,56.99049634908449,65.83265982956432,-2.6417360305786133,57.269798278808594,66.40087890625,-0.39685138303616263,0.27930192972410595,0.5682190766856792,-1.6425543065440564,57.29722595428948,64.57192751171166,-2.6417360305786133,57.269798278808594,66.40087890625,-0.9991817240345569,-0.02742767548088665,1.8289513945383362,-1.6425543065440564,57.29722595428948,64.57192751171166,-1.8663545394070145,56.623263222072026,64.83846837579216,-0.22380023286295803,-0.6739627322174542,0.26654086408049693,-0.765393208501985,56.86166910179247,64.38591056345126,-2.450484659448705,57.87694157943996,64.50959743979136,-1.6850914509467199,1.0152724776474855,0.123686876340102,2.0,0.7585224722263021,mesh_unit,mesh_unit
root-o1-026,primary,1,1.7260740418634066,1.4158965010173492,1.2190679478501352,0.17214836335755151,0.34429672671510303,0.348158023615608,0.3087813789098786,0.37208948071931763,0.17870535806559332,partitioned_mesh_triangles,0.16104479270728056,centerline_frustum_estimate,18,0.7316161169431764,short_trace;shared_origin_promoted,mesh_unit,mesh_unit^2,mesh_unit^3,,,81.50374026403122,81.50374026403122,124.42376093712052,98.49625973596878,169.44144383401377,169.44144383401377,119.3711439993115,98.49625973596878,-3.3102611138062343,58.488270585401175,64.15220160578062,-4.028625011444092,57.48504638671875,64.84664916992188,0.0,0.0,-1.0,2.0,0.43151851046585166,mesh_unit,-4.065057432965121,57.522120578831945,64.56778638084158,-4.028625011444092,57.48504638671875,64.84664916992188,0.03643242152102921,-0.03707419211319518,0.2788627890802928,-3.3102611138062343,58.488270585401175,64.15220160578062,-4.028625011444092,57.48504638671875,64.84664916992188,-0.7183638976378575,-1.0032241986824246,0.6944475641412566,-3.3102611138062343,58.488270585401175,64.15220160578062,-3.561859886859197,58.166220583211434,64.29072986413428,-0.2515987730529625,-0.3220500021897408,0.13852825835365934,-2.5439612885195215,57.94379764985154,64.48782598720535,-3.9518580174422855,59.0902784118488,63.68185713575988,-1.407896728922764,1.1464807619972603,-0.8059688514454777,2.0,0.43151851046585166,mesh_unit,mesh_unit
root-o1-027,primary,1,1.812884330732967,1.6963908302839843,1.0686713806567094,0.3865423914209814,0.7730847828419628,0.836245160479807,0.44940542310117626,0.970443387307061,1.4009522971858066,partitioned_mesh_triangles,1.2156162804034378,centerline_frustum_estimate,96,0.6464648084518324,attachment_gap,mesh_unit,mesh_unit^2,mesh_unit^3,,,89.76211502748167,89.76211502748167,98.94751647127985,90.23788497251833,133.24916247004884,133.24916247004884,104.59638657207296,90.23788497251833,-3.4494881992315527,58.595062723522844,64.07336513422312,-4.60926628112793,57.43321228027344,64.50086975097656,0.0,0.0,-1.0,2.0,0.4532210826832417,mesh_unit,-4.375827371790214,57.611348361322406,64.22464612800968,-4.60926628112793,57.43321228027344,64.50086975097656,-0.23343890933771583,-0.17813608104896872,0.2762236229668815,-3.4494881992315527,58.595062723522844,64.07336513422312,-4.60926628112793,57.43321228027344,64.50086975097656,-1.159778081896377,-1.1618504432494063,0.4275046167534384,-3.4494881992315527,58.595062723522844,64.07336513422312,-3.758267923417773,58.2671579361227,64.12379213215198,-0.30877972418622024,-0.3279047874001435,0.0504269979288523,-2.6958372693613466,58.048923536676924,64.43483251645212,-4.06026994072319,59.21405389512914,63.58220710733323,-1.3644326713618433,1.1651303584522168,-0.8526254091188861,2.0,0.45322108268324174,mesh_unit,mesh_unit
root-o1-028,primary,1,2.3157268752911793,1.2708286355915106,1.822218047686121,0.2975542966517422,0.5951085933034844,0.6075382849242699,0.538484442586573,0.6268733607788249,0.02796403292529595,partitioned_mesh_triangles,0.6537467775371382,centerline_frustum_estimate,6,0.753537902015741,shared_origin_promoted,mesh_unit,mesh_unit^2,mesh_unit^3,,,66.62796135635939,66.62796135635939,40.69307905512419,113.37203864364061,40.91051540208219,40.91051540208219,72.9372698632635,113.37203864364061,-3.821942617093697,58.94224462120556,63.80084793597406,-5.024909019470215,58.772438049316406,63.42796325683595,0.0,0.0,-1.0,2.0,0.5789317188227949,mesh_unit,-4.646097045065367,58.78797656037376,63.86548123107328,-5.024909019470215,58.772438049316406,63.42796325683595,-0.37881197440484815,-0.01553851105735049,-0.4375179742373305,-3.821942617093697,58.94224462120556,63.80084793597406,-5.024909019470215,58.772438049316406,63.42796325683595,-1.2029664023765179,-0.16980657188915416,-0.3728846791381102,-3.821942617093697,58.94224462120556,63.80084793597406,-4.100258104350035,58.562449271861375,64.13768308442047,-0.2783154872563376,-0.37979534934418524,0.3368351484464114,-3.1409596583948862,58.362380058311686,64.24406790722071,-4.361205338982865,59.58790554599131,63.26144442507799,-1.2202456805879787,1.2255254876796258,-0.9826234821427207,2.0,0.5789317188227948,mesh_unit,mesh_unit
root-o1-029,primary,1,2.1199883746015566,0.8235298622727559,2.574270189487566,0.8071252868527672,1.6142505737055344,1.6142505737055344,1.6142505737055344,1.6142505737055344,10.751134659932202,centerline_frustum_estimate,4.338756323195253,centerline_frustum_estimate,1,0.845730703293086,shared_origin_promoted,mesh_unit,mesh_unit^2,mesh_unit^3,,,35.92867197125431,35.92867197125431,152.29995200544747,35.92867197125431,161.38479870528482,161.38479870528482,115.72207917125512,35.92867197125431,-5.274417820256048,60.70099060460489,62.04341599276158,-4.549536228179932,60.8591079711914,62.4008331298828,0.0,0.0,-1.0,2.0,0.529997093650389,mesh_unit,-4.693667093665864,60.947699319592665,61.898563495243614,-4.549536228179932,60.8591079711914,62.4008331298828,0.14413086548593235,-0.08859134840126615,0.502269634639184,-5.274417820256048,60.70099060460489,62.04341599276158,-4.549536228179932,60.8591079711914,62.4008331298828,0.724881592076116,0.15811736658650943,0.35741713712121737,-5.274417820256048,60.70099060460489,62.04341599276158,-5.231191283861011,61.080439979843085,61.67592918012677,0.0432265363950366,0.37944937523819533,-0.36748681263480876,-4.789336674941627,60.139016788917026,62.7128954194131,-5.7856095810827055,61.15401396602141,61.31406142746895,-0.9962729061410789,1.0149971771043838,-1.3988339919441515,2.0,0.5299970936503892,mesh_unit,mesh_unit
root-o1-030,primary,1,2.243391594921533,0.860826976352549,2.606088861697985,0.0,0.0,0.0,0.0,0.0,0.0,centerline_frustum_estimate,0.0,centerline_frustum_estimate,0,0.8939926942066737,shared_origin_promoted,mesh_unit,mesh_unit^2,mesh_unit^3,,,32.337598706117284,32.337598706117284,118.89622311640622,32.337598706117284,143.3596787690687,143.3596787690687,169.7540857229946,32.337598706117284,-5.968391718766881,61.28899605666784,61.05089529584633,-6.120597839355469,61.27230834960938,61.89799499511719,0.0,0.0,-1.0,2.0,0.5608478987303833,mesh_unit,-5.85545542072001,61.47658539232465,61.44797193663026,-6.120597839355469,61.27230834960938,61.89799499511719,-0.26514241863545873,-0.20427704271526892,0.45002305848692714,-5.968391718766881,61.28899605666784,61.05089529584633,-6.120597839355469,61.27230834960938,61.89799499511719,-0.15220612058858762,-0.01668770705845901,0.8470996992708564,-5.968391718766881,61.28899605666784,61.05089529584633,-6.00742289944319,61.67042379753258,60.6415790233331,-0.03903118067630906,0.3814277408647371,-0.4093162725132302,-5.450539417080866,60.86896397180428,61.794986965624105,-6.5329068552494665,61.639193211894714,60.304534162365236,-1.0823674381686006,0.7702292400904369,-1.4904528032588686,2.0,0.5608478987303832,mesh_unit,mesh_unit
root-o1-031,primary,1,1.4385526476891295,1.2217440945109197,1.1774582370827837,0.0,0.0,0.0,0.0,0.0,0.0,centerline_frustum_estimate,0.0,centerline_frustum_estimate,0,0.8031275168201487,,mesh_unit,mesh_unit^2,mesh_unit^3,,,85.11168945808906,85.11168945808906,67.39111832267116,85.11168945808906,83.3873095415506,83.3873095415506,62.27046885060603,85.11168945808906,-6.769304293602232,61.737897142394516,60.06929946124666,-6.398234844207764,62.753673553466804,59.500823974609375,0.0,0.0,-1.0,2.0,0.3596381619222824,mesh_unit,-6.375641569577848,62.39714311095874,59.542238887591736,-6.398234844207764,62.753673553466804,59.500823974609375,-0.022593274629915783,0.35653044250806687,-0.04141491298236133,-6.769304293602232,61.737897142394516,60.06929946124666,-6.398234844207764,62.753673553466804,59.500823974609375,0.3710694493944686,1.015776411072288,-0.5684754866372828,-6.769304293602232,61.737897142394516,60.06929946124666,-6.534428428683486,61.82349689103146,59.810754264766814,0.23487586491874612,0.08559974863694464,-0.25854519647984375,-6.15347467946484,61.417093765717965,60.78575948459455,-7.537799997894723,61.94523535399788,59.467988755003766,-1.384325318429883,0.5281415882799152,-1.3177707295907837,2.0,0.3596381619222824,mesh_unit,mesh_unit
root-o1-032,primary,1,1.5287945578712763,1.4532509267202054,1.051982510220422,0.21847636423740402,0.43695272847480804,0.46662996022721426,0.307562383625693,0.5069886098191106,1.531111847447565,partitioned_mesh_triangles,0.25107446115851323,centerline_frustum_estimate,103,0.8803638315975215,,mesh_unit,mesh_unit^2,mesh_unit^3,,,89.98698876267572,89.98698876267572,129.60344675678698,90.01301123732428,119.03293545081365,119.03293545081365,102.17483598750107,90.01301123732428,-10.14065008404242,62.723126712520624,57.09430327264134,-10.794685363769531,61.46207809448242,57.400787353515625,0.0,0.0,-1.0,2.0,0.38219863946781896,mesh_unit,-10.777885361996972,61.79582742380054,57.2153016529045,-10.794685363769531,61.46207809448242,57.400787353515625,-0.016800001772558915,-0.33374932931811685,0.18548570061112457,-10.14065008404242,62.723126712520624,57.09430327264134,-10.794685363769531,61.46207809448242,57.400787353515625,-0.6540352797271112,-1.2610486180382026,0.30648408087428436,-10.14065008404242,62.723126712520624,57.09430327264134,-10.365422483959984,62.415584547353276,57.12546390309917,-0.2247723999175637,-0.307542165167348,0.031160630457826244,-9.461129263841041,62.444162503211054,57.76841442815536,-10.615950586487054,63.14274394515278,56.32749149200282,-1.1548213226460131,0.6985814419417267,-1.440922936152539,2.0,0.38219863946781907,mesh_unit,mesh_unit
root-o1-033,primary,1,3.0213427000706043,2.954801943576387,1.0225195318552143,0.33583633028565424,0.6716726605713085,0.56412343338947,0.5029023933389237,1.1397838869743637,5.762378177202417,partitioned_mesh_triangles,1.5095888738878234,centerline_frustum_estimate,346,0.6951365685979607,attachment_gap,mesh_unit,mesh_unit^2,mesh_unit^3,,,87.02544552954,87.02544552954,76.82745627744437,92.97455447046,112.41867161959534,112.41867161959534,124.6301844063827,92.97455447046,-10.52882949583244,63.054176881712095,56.52164350905909,-12.60310363769532,64.32252502441406,58.20079040527344,0.0,0.0,-1.0,2.0,0.7553356750176512,mesh_unit,-11.993666654806537,64.02437380378625,57.920890796630424,-12.60310363769532,64.32252502441406,58.20079040527344,-0.6094369828887825,0.2981512206278154,0.27989960864301366,-10.52882949583244,63.054176881712095,56.52164350905909,-12.60310363769532,64.32252502441406,58.20079040527344,-2.0742741418628796,1.2683481427019672,1.6791468962143483,-10.52882949583244,63.054176881712095,56.52164350905909,-10.976676840699529,63.42767879370834,57.00170710837174,-0.447847344867089,0.37350191199624305,0.4800635993126505,-9.99690983479643,62.636447262588014,57.25221777432194,-10.905248498648746,63.38723172206993,55.65889872330351,-0.9083386638523159,0.7507844594819133,-1.5933190510184332,2.0,0.7553356750176511,mesh_unit,mesh_unit
root-o1-034,primary,1,1.8494399881021026,1.6517459365205123,1.1196879297297035,0.4831083986762308,0.9662167973524616,0.9299857786133303,0.8290465134928793,1.1758491186903062,2.5769105728385147,partitioned_mesh_triangles,1.1421906707454026,centerline_frustum_estimate,195,0.6021886725102228,attachment_gap,mesh_unit,mesh_unit^2,mesh_unit^3,,,88.78232520882821,88.78232520882821,136.01209775619327,91.21767479117179,141.5985609721194,141.5985609721194,106.16955375678893,91.21767479117179,-14.928843378865537,66.4776904537148,47.34069494351057,-14.44511604309082,67.9885482788086,47.80067443847656,0.0,0.0,-1.0,2.0,0.46235999702552566,mesh_unit,-14.557553587167149,67.80135902961905,47.52518422067646,-14.44511604309082,67.9885482788086,47.80067443847656,0.11243754407632878,0.18718924918954372,0.27549021780010463,-14.928843378865537,66.4776904537148,47.34069494351057,-14.44511604309082,67.9885482788086,47.80067443847656,0.4837273357747165,1.5108578250937938,0.45997949496599233,-14.928843378865537,66.4776904537148,47.34069494351057,-14.805080114966074,66.91891331234955,47.40219136923253,0.12376326389946257,0.4412228586347453,0.061496425721962567,-14.548586838798263,66.07863886086881,48.16955517228169,-15.238185540278053,66.47536259235243,46.40117084116041,-0.68959870147979,0.3967237314836183,-1.7683843311212826,2.0,0.46235999702552566,mesh_unit,mesh_unit
root-o1-035,primary,1,9.009055028583353,8.798657241005074,1.0239124882144226,0.3057995205367737,0.6115990410735473,0.6221791135962662,0.39663006949137347,1.0419860618991352,14.849172469386868,partitioned_mesh_triangles,3.2575975245162994,centerline_frustum_estimate,883,0.7099551757011013,attachment_gap,mesh_unit,mesh_unit^2,mesh_unit^3,,,81.8358136802004,81.8358136802004,54.18792701561336,81.8358136802004,69.51534417249381,69.51534417249381,83.08407908938058,81.8358136802004,-15.070086787304156,66.5360778553065,46.99133952853633,-21.548181533813477,72.39510345458984,45.93186950683594,0.0,0.0,-1.0,2.0,2.0,mesh_unit,-20.311673009445702,70.99510929641649,46.629667249779935,-21.548181533813477,72.39510345458984,45.93186950683594,-1.2365085243677747,1.3999941581733566,-0.6977977429439974,-15.070086787304156,66.5360778553065,46.99133952853633,-21.548181533813477,72.39510345458984,45.93186950683594,-6.478094746509321,5.859025599283342,-1.0594700217003918,-15.070086787304156,66.5360778553065,46.99133952853633,-16.364048291242668,68.03672312331025,47.255750866066286,-1.2939615039385117,1.5006452680037512,0.2644113375299568,-14.69213705358391,66.25537342291587,47.86212426093816,-15.305164192557145,66.41662170327456,46.02922437638972,-0.6130271389732354,0.16124828035869143,-1.8328998845484392,2.0,2.0,mesh_unit,mesh_unit
root-o1-036,primary,1,3.3520718285419555,3.2544627533825166,1.0299923774079114,0.41631343714862784,0.8326268742972557,0.721862784277632,0.6362309414306673,1.399993541935764,6.4831916135540055,partitioned_mesh_triangles,1.9432752703027414,centerline_frustum_estimate,409,0.6852245704563318,attachment_gap,mesh_unit,mesh_unit^2,mesh_unit^3,,,88.9234093560233,88.9234093560233,84.49675789395607,91.0765906439767,92.18838680247929,92.18838680247929,99.1053346447543,91.0765906439767,-15.345025210264872,66.39526232522506,45.68563433952578,-18.491413116455078,65.74217224121094,46.200653076171875,0.0,0.0,-1.0,2.0,0.8380179571354889,mesh_unit,-17.672621201063926,65.81719699149122,46.16923339508272,-18.491413116455078,65.74217224121094,46.200653076171875,-0.8187919153911523,-0.07502475028027789,0.031419681089154494,-15.345025210264872,66.39526232522506,45.68563433952578,-18.491413116455078,65.74217224121094,46.200653076171875,-3.1463879061902063,-0.6530900840141243,0.5150187366460983,-15.345025210264872,66.39526232522506,45.68563433952578,-16.10815997650982,66.07119604466156,45.807619874863136,-0.7631347662449492,-0.32406628056349973,0.1219855353373589,-15.175155299646251,66.50917065350785,46.66197438322221,-15.439720287454563,66.48908380623958,44.6976581083125,-0.2645649878083116,-0.020086847268274255,-1.9643162749097058,2.0,0.8380179571354888,mesh_unit,mesh_unit
root-o1-037,primary,1,1.774006957001371,1.676307665278052,1.058282434511873,0.4192557980447864,0.8385115960895728,0.7620869986236554,0.5308789461052963,1.5026253928024826,2.8698847506960217,partitioned_mesh_triangles,0.8574539280303113,centerline_frustum_estimate,187,0.727637596442677,,mesh_unit,mesh_unit^2,mesh_unit^3,,,88.27509100529332,88.27509100529332,118.56122382148514,88.27509100529332,102.48646300292398,102.48646300292398,89.60484543051214,88.27509100529332,-16.203263402895466,67.12334223243083,42.03847748428295,-17.089990615844727,65.70081329345703,42.02691650390625,0.0,0.0,-1.0,2.0,0.44350173925034264,mesh_unit,-17.034906739888722,66.12617098405768,41.93193585823458,-17.089990615844727,65.70081329345703,42.02691650390625,-0.05508387595600439,-0.42535769060064865,0.09498064567166864,-16.203263402895466,67.12334223243083,42.03847748428295,-17.089990615844727,65.70081329345703,42.02691650390625,-0.8867272129492605,-1.422528938973798,-0.011560980376700059,-16.203263402895466,67.12334223243083,42.03847748428295,-16.5221317742921,66.81665548708509,42.007493703523124,-0.3188683713966327,-0.30668674534574336,-0.030983780759825663,-15.86044882883931,66.88867212602435,42.94730883538305,-16.39003297485437,67.53462160231724,41.149612987755454,-0.5295841460150612,0.6459494762928983,-1.797695847627594,2.0,0.44350173925034275,mesh_unit,mesh_unit
root-o1-038,primary,1,1.6506202705549873,1.4381269661593623,1.147756984880901,0.35079678254669033,0.7015935650933807,0.6792179712440377,0.4930204754954203,0.9549178423900266,1.929322259910391,partitioned_mesh_triangles,0.6490108774915367,centerline_frustum_estimate,141,0.8436181341435629,,mesh_unit,mesh_unit^2,mesh_unit^3,,,89.58110526519854,89.58110526519854,89.63579669476486,90.41889473480146,106.21884930180559,106.21884930180559,100.8304879623689,90.41889473480146,-16.38704701964182,67.6670127927692,40.830340900709146,-17.562896728515625,68.44967651367188,41.10057067871094,0.0,0.0,-1.0,2.0,0.4126550676387468,mesh_unit,-17.339270683737737,68.12258124255277,40.985313225344754,-17.562896728515625,68.44967651367188,41.10057067871094,-0.2236260447778875,0.32709527111910575,0.11525745336618343,-16.38704701964182,67.6670127927692,40.830340900709146,-17.562896728515625,68.44967651367188,41.10057067871094,-1.1758497088738054,0.7826637209026757,0.2702297780017915,-16.38704701964182,67.6670127927692,40.830340900709146,-16.796457487060003,67.61962248060705,40.809812083657555,-0.40941046741818354,-0.047390312162150394,-0.020528817051591375,-16.292586717997217,67.25659517555152,41.731176791403556,-16.26473751581951,67.94412323451606,39.87900493985629,0.02784920217770548,0.6875280589645314,-1.8521718515472685,2.0,0.4126550676387468,mesh_unit,mesh_unit
root-o1-039,primary,1,3.2538290705545827,3.2298487972228056,1.0074245807891677,0.280529173401302,0.561058346802604,0.5098844285191618,0.39590350215329784,1.256732449751382,4.337862059847802,partitioned_mesh_triangles,0.7677535914514501,centerline_frustum_estimate,310,0.7486680580207652,,mesh_unit,mesh_unit^2,mesh_unit^3,,,89.12878889119959,89.12878889119959,95.37827174634182,89.12878889119959,95.58858958742154,95.58858958742154,93.2894901005205,89.12878889119959,-16.301313688171334,68.25855567587442,38.61621256568871,-14.165790557861335,70.67456817626953,38.80154418945311,0.0,0.0,-1.0,2.0,0.8134572676386456,mesh_unit,-14.781203098851842,70.15243187357085,38.722572739675385,-14.165790557861335,70.67456817626953,38.80154418945311,0.6154125409905067,0.5221363026986836,0.07897144977772541,-16.301313688171334,68.25855567587442,38.61621256568871,-14.165790557861335,70.67456817626953,38.80154418945311,2.1355231303099984,2.4160125003951123,0.18533162376439805,-16.301313688171334,68.25855567587442,38.61621256568871,-15.85007607265806,68.93407092691297,38.65836094922061,0.4512376155132731,0.6755152510385471,0.042148383531895206,-16.235428411957763,68.02120968514807,39.58119627034301,-16.53673583929042,68.37914413694146,37.65267611404855,-0.3013074273326559,0.35793445179339756,-1.9285201562944536,2.0,0.8134572676386457,mesh_unit,mesh_unit
root-o1-040,primary,1,1.3596115386233971,1.2757251768673292,1.0657558252178256,0.12665677660828123,0.25331355321656246,0.25331355321656246,0.25331355321656246,0.25331355321656246,0.018212063068868963,partitioned_mesh_triangles,0.06852066616731997,centerline_frustum_estimate,4,0.8000144954901406,,mesh_unit,mesh_unit^2,mesh_unit^3,,,89.94748340865947,89.94748340865947,104.32015112554818,90.05251659134053,119.04951057496481,119.04951057496481,121.16007365909839,90.05251659134053,-19.9768681056106,70.58208896629853,30.440303299516884,-21.06648826599121,70.64895629882812,31.10040283203125,0.0,0.0,-1.0,2.0,0.3399028846558494,mesh_unit,-20.792550152600565,70.76407373015549,30.935357813827327,-21.06648826599121,70.64895629882812,31.10040283203125,-0.27393811339064555,-0.11511743132736285,0.16504501820392292,-19.9768681056106,70.58208896629853,30.440303299516884,-21.06648826599121,70.64895629882812,31.10040283203125,-1.089620160380612,0.06686733252959698,0.6600995325143657,-19.9768681056106,70.58208896629853,30.440303299516884,-20.230951248593083,70.74630393097837,30.595252235701388,-0.25408314298248413,0.16421496467984298,0.15494893618450334,-19.563964028669467,70.28641685052985,31.30042328530297,-20.264929582082644,70.86967452022425,29.528846547247742,-0.7009655534131767,0.5832576696944045,-1.7715767380552272,2.0,0.3399028846558493,mesh_unit,mesh_unit
root-o1-041,primary,1,6.210840752242429,6.0417513437571815,1.0279868201891433,0.3218545056243282,0.6437090112486564,0.6357147654470157,0.4734725794632515,0.8325289241612133,10.221240689613534,partitioned_mesh_triangles,2.026053836592539,centerline_frustum_estimate,550,0.7022864576557668,attachment_gap;shared_origin_promoted,mesh_unit,mesh_unit^2,mesh_unit^3,,,75.08170930641339,75.08170930641339,63.84233338100586,75.08170930641339,65.81843698836703,65.81843698836703,69.02764844468227,75.08170930641339,-20.256343380926282,70.85639374887178,29.562754649983773,-24.859289169311523,67.59457397460938,27.400306701660156,0.0,0.0,-1.0,2.0,1.5527101880606065,mesh_unit,-23.581964104657313,68.17729712351002,28.030731902796106,-24.859289169311523,67.59457397460938,27.400306701660156,-1.2773250646542103,-0.5827231489006408,-0.6304252011359495,-20.256343380926282,70.85639374887178,29.562754649983773,-24.859289169311523,67.59457397460938,27.400306701660156,-4.602945788385242,-3.261819774262406,-2.162447948323617,-20.256343380926282,70.85639374887178,29.562754649983773,-21.128614041776387,69.76806334057481,28.936533571734124,-0.8722706608501056,-1.0883304082969687,-0.6262210782496496,-19.962838170006982,70.57233992396166,30.473589606756406,-20.458598606941198,71.28101055816325,28.682265723254407,-0.4957604369342157,0.7086706342015816,-1.791323883501999,2.0,1.5527101880606067,mesh_unit,mesh_unit
root-o1-042,primary,1,1.6220847632518627,1.532768844571634,1.0582709643378678,0.37746057809416433,0.7549211561883287,0.7348288520151135,0.7171542833332603,0.8328726373898274,1.3738495749799673,partitioned_mesh_triangles,0.7142336644190628,centerline_frustum_estimate,119,0.9107631423897894,,mesh_unit,mesh_unit^2,mesh_unit^3,,,89.49470220678593,89.49470220678593,59.70123997326168,90.50529779321407,66.837924841921,66.837924841921,81.32279115300817,90.50529779321407,-20.74716320488266,72.44135632162133,26.531522873854414,-22.087343215942383,73.1483383178711,26.300277709960938,0.0,0.0,-1.0,2.0,0.40552119081296567,mesh_unit,-21.738113907686987,73.01778385536825,26.45978275306121,-22.087343215942383,73.1483383178711,26.300277709960938,-0.34922930825539567,0.1305544625028432,-0.15950504310027114,-20.74716320488266,72.44135632162133,26.531522873854414,-22.087343215942383,73.1483383178711,26.300277709960938,-1.3401800110597222,0.7069819962497661,-0.23124516389347605,-20.74716320488266,72.44135632162133,26.531522873854414,-21.049408600437364,72.68840258528142,26.64135593206521,-0.30224539555470287,0.24704626366009563,0.10983305821079625,-20.65832414808086,72.01394638122947,27.429143946253134,-20.70473708920759,72.7492873361733,25.582695360121104,-0.04641294112672867,0.7353409549438226,-1.8464485861320306,2.0,0.40552119081296567,mesh_unit,mesh_unit
root-o1-043,primary,1,5.12144820978158,4.875535727482136,1.050438043334048,0.295793433177708,0.591586866355416,0.5658007889949972,0.4689932460020704,0.8887621219808371,6.755317679215788,partitioned_mesh_triangles,1.627626033800024,centerline_frustum_estimate,476,0.7567642160688646,,mesh_unit,mesh_unit^2,mesh_unit^3,,,86.30320096405507,86.30320096405507,76.60759337957033,86.30320096405507,64.32746853431338,64.32746853431338,62.02231339340374,86.30320096405507,-20.716308783115686,72.97158194089403,24.88742266679141,-16.440364837646484,73.4771957397461,22.600173950195327,0.0,0.0,-1.0,2.0,1.280362052445395,mesh_unit,-17.567116216112773,73.68752231738708,23.151132735380305,-16.440364837646484,73.4771957397461,22.600173950195327,1.1267513784662881,-0.21032657764098417,-0.550958785184978,-20.716308783115686,72.97158194089403,24.88742266679141,-16.440364837646484,73.4771957397461,22.600173950195327,4.275943945469201,0.5056137988520675,-2.287248716596082,-20.716308783115686,72.97158194089403,24.88742266679141,-19.479591449698283,72.96436882259304,24.625381235623056,1.2367173334174026,-0.007213118300981591,-0.26204143116835255,-20.72409263113044,72.67404589901994,25.83838466016684,-20.978649236594322,73.35197946740952,24.005228570960167,-0.2545566054638826,0.6779335683895766,-1.8331560892066747,2.0,1.280362052445395,mesh_unit,mesh_unit
root-o1-044,primary,1,1.7186945751991844,1.661279378313274,1.0345608316309838,0.45776880568911477,0.9155376113782295,0.8441665018085964,0.7307416391099689,1.2430758027857567,2.407358651387515,partitioned_mesh_triangles,1.0566393752126468,centerline_frustum_estimate,160,0.9363388950006059,,mesh_unit,mesh_unit^2,mesh_unit^3,,,88.37292486031893,88.37292486031893,71.57718968715538,91.62707513968107,81.39954178662146,81.39954178662146,94.1177659585702,91.62707513968107,-21.431315538889756,73.83390069027068,22.880876820504866,-21.336462020874023,75.48817443847656,23.000167846679688,0.0,0.0,-1.0,2.0,0.4296736437997961,mesh_unit,-21.442502488691584,75.0767790315095,23.06442264017898,-21.336462020874023,75.48817443847656,23.000167846679688,0.10604046781756082,0.4113954069670598,-0.0642547934992912,-21.431315538889756,73.83390069027068,22.880876820504866,-21.336462020874023,75.48817443847656,23.000167846679688,0.09485351801573216,1.6542737482058811,0.11929102617482101,-21.431315538889756,73.83390069027068,22.880876820504866,-21.50077850163143,74.23606115147729,23.015269158178693,-0.06946296274167452,0.40216046120660565,0.13439233767382675,-21.097558510403037,73.4809159365197,23.74977020863106,-21.55855205904792,73.95930845220487,21.901655851561245,-0.4609935486448826,0.47839251568517227,-1.8481143570698144,2.0,0.4296736437997961,mesh_unit,mesh_unit
root-o1-045,primary,1,4.588146062720702,4.48324768931456,1.0233978536711585,0.24526932443380098,0.49053864886760196,0.4954922057190469,0.35985155197243757,0.7320158367935408,5.32225795886248,partitioned_mesh_triangles,1.0846779619888167,centerline_frustum_estimate,382,0.7052640291063813,attachment_gap,mesh_unit,mesh_unit^2,mesh_unit^3,,,88.17649851703315,88.17649851703315,70.46968570607459,91.82350148296685,84.55248613739258,84.55248613739258,94.52559246754238,91.82350148296685,-21.47300256477154,73.8753768789172,22.697529264452527,-25.724754333496094,75.252685546875,23.05127716064453,0.0,0.0,-1.0,2.0,1.1470365156801754,mesh_unit,-24.623768969897583,74.99678924346863,23.159070850508396,-25.724754333496094,75.252685546875,23.05127716064453,-1.100985363598511,0.2558963034063737,-0.10779368986386473,-21.47300256477154,73.8753768789172,22.697529264452527,-25.724754333496094,75.252685546875,23.05127716064453,-4.251751768724553,1.3773086679578057,0.3537478961920044,-21.47300256477154,73.8753768789172,22.697529264452527,-22.46346052917211,74.33684673598151,23.046429479528758,-0.9904579644005693,0.46146985706431565,0.34890021507623104,-21.17144502842878,73.56103304130002,23.59103634130109,-21.569365160930253,73.9736552334963,21.709948638978787,-0.39792013250147207,0.41262219219628093,-1.8810877023223043,2.0,1.1470365156801754,mesh_unit,mesh_unit
root-o1-046,primary,1,1.0440320340733744,1.026332377809116,1.0172455401845955,0.46065724462073154,0.9213144892414631,0.9206902493206718,0.8916837609259006,0.9521936973986083,2.059453672979803,partitioned_mesh_triangles,0.7041885633184739,centerline_frustum_estimate,131,0.8777313011447195,short_trace,mesh_unit,mesh_unit^2,mesh_unit^3,,,81.9654155768342,81.9654155768342,83.22118922375472,81.9654155768342,79.13101215429903,79.13101215429903,74.68093188156314,81.9654155768342,-21.73918504366398,74.3269304451105,20.06978828890415,-22.627460479736335,73.89012145996094,19.79863739013672,0.0,0.0,-1.0,2.0,0.2610080085183436,mesh_unit,-22.378837900570264,73.95248900635667,19.847854082387403,-22.627460479736335,73.89012145996094,19.79863739013672,-0.24862257916607078,-0.06236754639573405,-0.0492166922506847,-21.73918504366398,74.3269304451105,20.06978828890415,-22.627460479736335,73.89012145996094,19.79863739013672,-0.8882754360723553,-0.43680898514956823,-0.2711508987674307,-21.73918504366398,74.3269304451105,20.06978828890415,-21.92970984592843,74.17065115352645,19.98375188233816,-0.19052480226444857,-0.15627929158405607,-0.08603640656598799,-21.63145320214041,74.05931357040318,21.0244376568999,-21.655376005598743,74.66547346073425,19.134870457709784,-0.02392280345833342,0.606159890331071,-1.8895671991901146,2.0,0.2610080085183436,mesh_unit,mesh_unit
root-o1-047,primary,1,4.145546855721722,4.0007187388389545,1.0362005245399477,0.25556477872883254,0.5111295574576651,0.49064062356679455,0.4548558203923788,0.7544452445993469,5.077243694512045,partitioned_mesh_triangles,1.0598500706742882,centerline_frustum_estimate,364,0.6979776475793104,attachment_gap,mesh_unit,mesh_unit^2,mesh_unit^3,,,88.63457891766781,88.63457891766781,82.55943107436256,91.36542108233219,78.65511231665131,78.65511231665131,76.48651072594748,91.36542108233219,-21.561059645462016,75.11868853922333,16.33481320937429,-23.975982666015625,78.16826629638672,15.399948120117188,0.0,0.0,-1.0,2.0,1.0363867139304306,mesh_unit,-23.48678533371955,77.28659993952284,15.60224603161822,-23.975982666015625,78.16826629638672,15.399948120117188,-0.48919733229607587,0.8816663568638745,-0.2022979115010326,-21.561059645462016,75.11868853922333,16.33481320937429,-23.975982666015625,78.16826629638672,15.399948120117188,-2.4149230205536085,3.049577757163391,-0.9348650892571015,-21.561059645462016,75.11868853922333,16.33481320937429,-22.4085468410553,75.70628169949454,16.23187073942418,-0.8474871955932848,0.5875931602712114,-0.1029424699501078,-21.59814904902499,75.01126772941862,17.32543381631559,-21.288066194202177,75.03431687846526,15.377440067378298,0.31008285482281295,0.023049149046642015,-1.947993748937293,2.0,1.0363867139304306,mesh_unit,mesh_unit
root-o1-048,primary,1,2.89947503324286,2.841961001338048,1.020237445861408,0.1946283232967777,0.3892566465935554,0.41135997360357995,0.27099641849128037,0.47307509565977207,2.642869196700553,partitioned_mesh_triangles,0.3921714790815986,centerline_frustum_estimate,197,0.7594017909409597,,mesh_unit,mesh_unit^2,mesh_unit^3,,,89.01298263312583,89.01298263312583,96.15091884975502,89.01298263312583,92.18360071136246,92.18360071136246,88.6448861609355,89.01298263312583,-21.119312469992245,75.02955636611136,14.867151533266053,-21.46335220336914,72.20929718017578,14.799942016601562,0.0,0.0,-1.0,2.0,0.724868758310715,mesh_unit,-21.50916326188618,72.93133385646111,14.772355773174604,-21.46335220336914,72.20929718017578,14.799942016601562,0.045811058517038816,-0.7220366762853274,0.027586243426958035,-21.119312469992245,75.02955636611136,14.867151533266053,-21.46335220336914,72.20929718017578,14.799942016601562,-0.34403973337689564,-2.8202591859355834,-0.06720951666449082,-21.119312469992245,75.02955636611136,14.867151533266053,-21.32694680497011,74.35105110849888,14.718985021849223,-0.20763433497786465,-0.6785052576124855,-0.14816651141683046,-21.428508143616675,75.08145097204914,15.814187377722183,-20.806399547694276,75.26168310184791,13.950795862845753,0.6221085959223984,0.18023212979876746,-1.8633915148764295,2.0,0.7248687583107148,mesh_unit,mesh_unit
root-o1-049,primary,1,1.9347105833781044,1.9151217728186747,1.0102284934762131,0.5922588983778769,1.1845177967557539,1.186244518548853,1.0376591323430924,1.327923017582217,1.059583878173364,partitioned_mesh_triangles,2.1038826531860657,centerline_frustum_estimate,81,0.6401325059595805,attachment_gap,mesh_unit,mesh_unit^2,mesh_unit^3,,,87.84500428590604,87.84500428590604,77.10307053289503,87.84500428590604,93.45136976491442,93.45136976491442,101.6790423834761,87.84500428590604,-20.51171335764917,75.50853017672185,13.112224436690454,-19.35827445983886,76.98737335205078,13.499900817871094,0.0,0.0,-1.0,2.0,0.483677645844526,mesh_unit,-19.6445585440924,76.61505894087922,13.471575531338871,-19.35827445983886,76.98737335205078,13.499900817871094,0.28628408425354124,0.3723144111715584,0.02832528653222255,-20.51171335764917,75.50853017672185,13.112224436690454,-19.35827445983886,76.98737335205078,13.499900817871094,1.153438897810311,1.478843175328933,0.38767638118063985,-20.51171335764917,75.50853017672185,13.112224436690454,-20.222661753130247,75.87737309810764,13.232008134906593,0.2890516045189244,0.36884292138579156,0.1197836982161391,-20.830960902049444,75.23707394399261,14.018357507888421,-20.300953449780476,75.52985199581077,12.13782694527512,0.5300074522689684,0.29277805181816063,-1.8805305626133002,2.0,0.4836776458445261,mesh_unit,mesh_unit
root-o1-050,primary,1,1.4955217451671459,1.4688379604519974,1.0181665952498513,0.43502267682086515,0.8700453536417303,0.8209648342140727,0.7506573084469506,1.0875944376918252,2.332726462858995,partitioned_mesh_triangles,0.8483146169974631,centerline_frustum_estimate,170,0.9218191684428834,,mesh_unit,mesh_unit^2,mesh_unit^3,,,85.56404890132151,85.56404890132151,93.40218729219175,94.43595109867849,97.20838163535595,97.20838163535595,98.07303017560304,94.43595109867849,-20.268331984938122,75.52137052082098,11.793578488617754,-18.821096420288086,75.37838745117188,11.999855041503906,0.0,0.0,-1.0,2.0,0.37388043629178647,mesh_unit,-19.173610202846184,75.49379845219286,11.952941135338973,-18.821096420288086,75.37838745117188,11.999855041503906,0.3525137825580984,-0.11541100102098767,0.046913906164933294,-20.268331984938122,75.52137052082098,11.793578488617754,-18.821096420288086,75.37838745117188,11.999855041503906,1.447235564650036,-0.14298306964910523,0.20627655288615188,-20.268331984938122,75.52137052082098,11.793578488617754,-19.902633256890166,75.5755121251262,11.849432831592145,0.3656987280479562,0.054141604305215196,0.05585434297439029,-20.421748283894136,75.53479821147263,12.779411410933381,-20.278107687284006,75.54929778619656,10.794541522087531,0.14364059661012973,0.014499574723927822,-1.98486988884585,2.0,0.37388043629178647,mesh_unit,mesh_unit
root-o1-051,primary,1,1.0993347724011096,0.9871075103822937,1.1136930484657661,4.340258203239624,8.680516406479247,8.560318412096457,0.6573983487423629,16.944030452981714,2.269933320000845,partitioned_mesh_triangles,85.19568365733664,centerline_frustum_estimate,162,0.8394879841935795,short_trace,mesh_unit,mesh_unit^2,mesh_unit^3,,,81.91580955552195,81.91580955552195,73.31126065850127,98.08419044447805,62.855943049914565,62.855943049914565,79.90512467484682,98.08419044447805,-20.26089182405544,75.68751987459954,5.072783905242964,-21.0019817352295,75.05884552001953,4.8997650146484375,0.0,0.0,-1.0,2.0,0.2748336931002774,mesh_unit,-20.935662179481508,75.29424588152163,5.025152195784326,-21.0019817352295,75.05884552001953,4.8997650146484375,-0.06631955574799164,-0.23540036150210142,-0.12538718113588843,-20.26089182405544,75.68751987459954,5.072783905242964,-21.0019817352295,75.05884552001953,4.8997650146484375,-0.7410899111740576,-0.6286743545800135,-0.1730188905945269,-20.26089182405544,75.68751987459954,5.072783905242964,-20.517857378391994,75.59114217747481,5.087399042757745,-0.25696555433655277,-0.09637769712473698,0.01461513751478094,-20.27974792256422,75.60202023519712,6.067916447035007,-20.226748248492164,75.96183704244204,4.112310719095342,0.05299967407205486,0.3598168072449255,-1.9556057279396644,2.0,0.2748336931002774,mesh_unit,mesh_unit
root-o1-052,primary,1,1.7012829178868303,0.6314227856542368,2.694364151151242,0.15580719762542428,0.31161439525084855,0.3085240468862412,0.3037168383190742,0.3256926489118377,0.15093334646166745,partitioned_mesh_triangles,0.12789313207206396,centerline_frustum_estimate,10,0.8322268612755622,shared_origin_promoted,mesh_unit,mesh_unit^2,mesh_unit^3,,,18.69266690188337,18.69266690188337,152.46844693540933,18.69266690188337,141.47216933668935,141.47216933668935,99.90474291825761,18.69266690188337,-20.43489587819385,76.97997411887879,-0.5088113317667862,-19.95857048034668,77.37998962402344,-0.40019989013671875,0.0,0.0,-1.0,2.0,0.4253207294717076,mesh_unit,-20.208568501437913,77.46701286023108,-0.7326559647086728,-19.95857048034668,77.37998962402344,-0.40019989013671875,0.24999802109123337,-0.08702323620764219,0.33245607457195403,-20.43489587819385,76.97997411887879,-0.5088113317667862,-19.95857048034668,77.37998962402344,-0.40019989013671875,0.47632539784716954,0.40001550514465123,0.10861144163006742,-20.43489587819385,76.97997411887879,-0.5088113317667862,-20.414444969639327,77.13348789393177,-0.904933792789412,0.020450908554522584,0.15351377505298558,-0.3961224610226258,-20.252593594387818,76.78610191160968,0.45445634262340684,-20.578317998810167,77.02361496620276,-1.4956490283226658,-0.32572440442234907,0.23751305459308014,-1.9501053709460727,2.0,0.42532072947170757,mesh_unit,mesh_unit
root-o1-053,primary,1,0.9133490366061239,0.7814775693288931,1.1687463242105305,0.3751552739200158,0.7503105478400316,0.7549230273745022,0.6508055538995956,0.8405905827115265,0.3001251221361215,partitioned_mesh_triangles,0.3764643226533876,centerline_frustum_estimate,22,0.8414422803669344,short_trace,mesh_unit,mesh_unit^2,mesh_unit^3,,,86.54268851657267,86.54268851657267,134.4958037768227,86.54268851657267,135.51499714074518,135.51499714074518,102.08714752114675,86.54268851657267,-20.59138982547948,77.02070428227537,-1.6498468506377932,-21.11529541015625,77.57698822021484,-1.4862060546875,0.0,0.0,-1.0,2.0,0.2283372591515309,mesh_unit,-20.95714649790763,77.55271348767182,-1.6491095931124717,-21.11529541015625,77.57698822021484,-1.4862060546875,-0.15814891224862038,0.02427473254302015,0.16290353842497174,-20.59138982547948,77.02070428227537,-1.6498468506377932,-21.11529541015625,77.57698822021484,-1.4862060546875,-0.5239055846767684,0.5562839379394688,0.16364079595029324,-20.59138982547948,77.02070428227537,-1.6498468506377932,-20.709186383286063,77.21545638369486,-1.6681086654011434,-0.1177965578065816,0.19475210141948196,-0.018261814763350204,-20.46272921755011,76.99521875890066,-0.660301329162686,-20.507997155142462,76.92229783008628,-2.6404349361530843,-0.045267937592353036,-0.0729209288143835,-1.9801336069903983,2.0,0.22833725915153097,mesh_unit,mesh_unit
root-o1-054,primary,1,1.2373316687958298,1.2232265999381466,1.0115310350988087,0.2981788506130909,0.5963577012261818,0.5443315794945203,0.47523211803360454,0.821535527882082,0.06937672986795879,partitioned_mesh_triangles,0.32035420145683446,centerline_frustum_estimate,14,0.8323980015968613,,mesh_unit,mesh_unit^2,mesh_unit^3,,,86.46541031852776,86.46541031852776,92.40364812995365,93.53458968147224,97.11002923299165,97.11002923299165,98.8786632856826,93.53458968147224,-22.48507401747026,76.73097384438304,-16.888945342815816,-23.678987503051758,76.91861724853516,-16.700149536132812,0.0,0.0,-1.0,2.0,0.3093329171989574,mesh_unit,-23.37219029624422,76.92843441795596,-16.738437272321754,-23.678987503051758,76.91861724853516,-16.700149536132812,-0.30679720680753775,-0.009817169420799132,0.038287736188941324,-22.48507401747026,76.73097384438304,-16.888945342815816,-23.678987503051758,76.91861724853516,-16.700149536132812,-1.193913485581497,0.18764340415211223,0.18879580668300378,-22.48507401747026,76.73097384438304,-16.888945342815816,-22.772293753099557,76.8316882030589,-16.833733975468476,-0.2872197356292965,0.10071435867585876,0.05521136734734,-22.303315828836404,76.53388268844554,-15.930313671674432,-22.470839963791637,76.75395755107594,-17.885237286059517,-0.167524134955233,0.22007486263039766,-1.9549236143850859,2.0,0.30933291719895745,mesh_unit,mesh_unit
root-o1-055,primary,1,1.9129315947739443,1.8509031118287906,1.033512549926974,0.1066477239747273,0.2132954479494546,0.21269516415974013,0.21249375125494946,0.21529771222338862,0.27536679302211253,partitioned_mesh_triangles,0.06873393271725639,centerline_frustum_estimate,35,0.6104046125187513,attachment_gap,mesh_unit,mesh_unit^2,mesh_unit^3,,,80.93273957167804,80.93273957167804,70.21329609694767,80.93273957167804,61.83626418145976,61.83626418145976,71.59875457863191,80.93273957167804,-23.302888099136815,76.13715412702999,-23.115875575855128,-25.01673698425293,76.52080535888672,-23.70014953613281,0.0,0.0,-1.0,2.0,0.47823289869348606,mesh_unit,-24.672761872427103,76.33850409573573,-23.49172712086805,-25.01673698425293,76.52080535888672,-23.70014953613281,-0.3439751118258272,0.1823012631509897,-0.20842241526476002,-23.302888099136815,76.13715412702999,-23.115875575855128,-25.01673698425293,76.52080535888672,-23.70014953613281,-1.7138488851161142,0.38365123185673156,-0.584273960277681,-23.302888099136815,76.13715412702999,-23.115875575855128,-23.759512690233578,76.20427078326523,-23.24115942419277,-0.45662459109676234,0.06711665623524254,-0.1252838483376415,-23.242873820580325,76.25157227412262,-22.12984855942258,-23.078459954376637,75.95722354696719,-24.073437930934453,0.16441386620368803,-0.2943487271554375,-1.943589371511873,2.0,0.47823289869348606,mesh_unit,mesh_unit
root-o2-018,primary,1,3.002021901020025,1.7775860799651664,1.688819424755426,8.068153480798344,16.136306961596688,16.18989451370009,12.721732646751267,19.443706172235302,39.81482607250402,partitioned_mesh_triangles,565.2842224252374,centerline_frustum_estimate,2181,0.0,manual_reparent;manual_parent_deleted,mesh_unit,mesh_unit^2,mesh_unit^3,,,76.43318515904673,76.43318515904673,26.90132456753384,103.56681484095327,97.22890967392742,97.22890967392742,24.55192316876563,103.56681484095327,0.49270476032279475,56.58894903096487,64.38224665338994,0.1565406322479248,55.9312629699707,62.765380859375,0.0,0.0,-1.0,2.0,0.7505054752550064,mesh_unit,0.8837972495290685,55.941495650403255,62.67312502111697,0.1565406322479248,55.9312629699707,62.765380859375,-0.7272566172811437,-0.010232680432551433,0.0922558382580334,0.49270476032279475,56.58894903096487,64.38224665338994,0.1565406322479248,55.9312629699707,62.765380859375,-0.33616412807486995,-0.6576860609941662,-1.6168657940149416,0.49270476032279475,56.58894903096487,64.38224665338994,0.8452861630536874,56.30376893632506,63.78423566983087,0.35258140273089267,-0.28518009463980576,-0.598010983559071,1.2998561168615523,56.54293718269712,64.92971731536367,-0.4790459597054854,56.767774936316826,64.33026281484383,-1.7789020765670378,0.2248377536197026,-0.5994545005198404,2.0,0.7505054752550062,mesh_unit,mesh_unit
root-manual-001f6a7dd29a,root-o1-001,2,1.3660513533053202,0.7240368609572507,1.8867152032829664,0.16645128661317635,0.3329025732263527,0.2964297493385128,0.2521247370300311,0.4866260571983541,0.385644025044818,partitioned_mesh_triangles,0.08426225498828518,centerline_frustum_estimate,38,0.0,manual_created_from_unassigned,mesh_unit,mesh_unit^2,mesh_unit^3,,,88.7436629140422,88.7436629140422,77.70905576486165,108.5836407109232,12.702424285878715,12.702424285878715,119.49135960142867,108.5836407109232,29.378707270030645,65.70390123868114,82.16234697368142,29.384007287028084,65.07370015976763,82.51878474662489,0.0,0.0,-1.0,2.0,0.34151283832632995,mesh_unit,29.393855506309695,65.00070794243175,82.84554703064605,29.384007287028084,65.07370015976763,82.51878474662489,-0.009848219281611392,0.07299221733588013,-0.32676228402115726,29.378707270030645,65.70390123868114,82.16234697368142,29.384007287028084,65.07370015976763,82.51878474662489,0.005300016997438206,-0.6302010789135153,0.35643777294346535,29.378707270030645,65.70390123868114,82.16234697368142,29.38477469874854,65.4627917776074,82.40413289724025,0.006067428717894785,-0.24110946107373366,0.24178592355882245,2.7038239441431196,59.32923699529257,90.96545128220357,2.4467181903947592,58.45009875304015,89.19990331434543,-0.2571057537483603,-0.8791382422524165,-1.76554796785814,2.0,0.34151283832633006,mesh_unit,mesh_unit
root-manual-bfe2584fe0b5,root-o2-018,2,1.7778025230473662,0.47683056486141506,3.7283736699304555,0.2046009159417031,0.4092018318834062,0.2967387854761681,0.24290886953580837,0.820052620691902,1.6328179944254173,partitioned_mesh_triangles,0.3817159460427043,centerline_frustum_estimate,125,0.0,manual_created_from_unassigned,mesh_unit,mesh_unit^2,mesh_unit^3,,,45.55449241300408,45.55449241300408,149.55242829929352,54.06296974633779,90.40962129723452,90.40962129723452,83.46100767710094,54.06296974633779,0.1565406322479248,55.9312629699707,62.765380859375,0.10297058232079026,55.460573027918976,62.71107970111662,0.0,0.0,-1.0,2.0,0.44445063076184166,mesh_unit,-0.2754953022981239,55.23892206297412,62.70794402661704,0.10297058232079026,55.460573027918976,62.71107970111662,0.3784658846189142,0.2216509649448568,0.0031356744995747476,0.1565406322479248,55.9312629699707,62.765380859375,0.10297058232079026,55.460573027918976,62.71107970111662,-0.053570049927134544,-0.47068994205172743,-0.054301158258383,0.1565406322479248,55.9312629699707,62.765380859375,-0.15983793600074991,55.623966823706766,62.710516998511494,-0.3163785682486747,-0.307296146263937,-0.05486386086350592,1.0274066305453362,56.545808153210025,64.66364405121365,-0.8372925873049891,56.88779744967376,64.40272387944354,-1.8646992178503252,0.341989296463737,-0.26092017177010973,2.0,0.44445063076184155,mesh_unit,mesh_unit
root-o2-001,root-o1-001,2,1.1257467186003325,1.093998313378064,1.029020524834481,0.2601656684853093,0.5203313369706186,0.555066898595051,0.3468296104457434,0.6243619402466289,1.000674980236054,partitioned_mesh_triangles,0.2672737609767347,centerline_frustum_estimate,68,0.8330228657486581,short_trace,mesh_unit,mesh_unit^2,mesh_unit^3,,,83.33424482875166,83.33424482875166,117.04489359346304,123.40834904415263,108.91323058781454,108.91323058781454,100.81171965404464,123.40834904415263,26.90611016927879,66.64291881123174,82.09581074286393,26.83031272888182,67.7148208618164,82.301025390625,0.0,0.0,-1.0,2.0,0.2814366796500831,mesh_unit,26.934920673674103,67.46999027847959,82.20980166563116,26.83031272888182,67.7148208618164,82.301025390625,-0.10460794479228142,0.24483058333682095,0.09122372499383857,26.90611016927879,66.64291881123174,82.09581074286393,26.83031272888182,67.7148208618164,82.301025390625,-0.07579744039696834,1.0719020505846686,0.20521464776106768,26.90611016927879,66.64291881123174,82.09581074286393,26.9270153359854,66.9216630075876,82.12854072385021,0.02090516670660847,0.27874419635585923,0.03272998098627511,2.7038239441431196,59.32923699529257,90.96545128220357,2.4467181903947592,58.45009875304015,89.19990331434543,-0.2571057537483603,-0.8791382422524165,-1.76554796785814,2.0,0.2814366796500831,mesh_unit,mesh_unit
root-o2-002,root-o1-001,2,1.0224195090876984,0.8401704145768829,1.2169192003774587,0.3363816575217098,0.6727633150434196,0.6924250129699461,0.6137698090124738,0.7065088116985783,0.5054624809791224,partitioned_mesh_triangles,0.3599972552624364,centerline_frustum_estimate,49,0.7743082265649054,short_trace;shared_origin_promoted,mesh_unit,mesh_unit^2,mesh_unit^3,,,70.43646908120147,70.43646908120147,151.53788609566288,154.55194860861414,119.93493033941986,119.93493033941986,125.1516513931521,154.55194860861414,29.032712959240158,65.8224859128875,82.27686927415232,28.55354760203113,66.3147257276566,82.76059114748153,0.0,0.0,-1.0,2.0,0.2556048772719246,mesh_unit,28.716432312932948,66.1647136204988,82.63307859362261,28.55354760203113,66.3147257276566,82.76059114748153,-0.16288471090181744,0.15001210715779223,0.1275125538589208,29.032712959240158,65.8224859128875,82.27686927415232,28.55354760203113,66.3147257276566,82.76059114748153,-0.47916535720902687,0.49223981476909273,0.4837218733292161,29.032712959240158,65.8224859128875,82.27686927415232,29.004667965620364,65.84458066598175,82.52996837234069,-0.028044993619793956,0.02209475309425102,0.25309909818837184,2.7038239441431196,59.32923699529257,90.96545128220357,2.4467181903947592,58.45009875304015,89.19990331434543,-0.2571057537483603,-0.8791382422524165,-1.76554796785814,2.0,0.2556048772719246,mesh_unit,mesh_unit
root-o2-004,root-o1-001,2,1.2673445157597731,1.239355136160055,1.0225838250740935,0.20411829694276398,0.40823659388552797,0.40237937656232703,0.27322586842526414,0.5491045366689927,0.9834984970943634,partitioned_mesh_triangles,0.21275326972704073,centerline_frustum_estimate,87,0.6570016366886623,,mesh_unit,mesh_unit^2,mesh_unit^3,,,85.05868244481519,85.05868244481519,113.17609488546111,90.62686356533209,131.35908811834818,131.35908811834818,122.28160054738485,90.62686356533209,34.46738794145419,65.63552447777914,80.03910340282835,34.58864593505858,64.59477233886719,80.70101928710938,0.0,0.0,-1.0,2.0,0.3168361289399433,mesh_unit,34.616350318737865,64.81892613652137,80.50218390622261,34.58864593505858,64.59477233886719,80.70101928710938,-0.027704383679285627,-0.22415379765418209,0.1988353808867629,34.46738794145419,65.63552447777914,80.03910340282835,34.58864593505858,64.59477233886719,80.70101928710938,0.12125799360438805,-1.0407521389119552,0.6619158842810293,34.46738794145419,65.63552447777914,80.03910340282835,34.517042067215414,65.36332503069322,80.19346357062643,0.04965412576122219,-0.27219944708592436,0.1543601677980888,2.672627939786636,59.21295047041448,90.5999831422076,2.3834065283416574,58.220150863050975,88.89758161755915,-0.2892214114449785,-0.9927996073635015,-1.702401524648451,2.0,0.3168361289399433,mesh_unit,mesh_unit
root-o2-005,root-o1-001,2,1.300234848625438,1.2497223541217308,1.0404189733320455,0.14162742204719012,0.28325484409438023,0.2861727077147239,0.25536007120459225,0.30531388974348095,0.6884972595727471,partitioned_mesh_triangles,0.08438287205253718,centerline_frustum_estimate,73,0.8860764624349662,,mesh_unit,mesh_unit^2,mesh_unit^3,,,87.99753296224326,87.99753296224326,85.91755570819195,125.56232247484424,106.87162334320394,106.87162334320394,128.78431665775565,125.56232247484424,47.42163620890656,66.13482028918767,74.31813798459248,47.65027618408203,67.08177947998047,75.1009521484375,0.0,0.0,-1.0,2.0,0.3250587121563595,mesh_unit,47.62032719888874,66.77215719922158,75.0066109173012,47.65027618408203,67.08177947998047,75.1009521484375,0.029948985193293254,0.3096222807588873,0.09434123113629767,47.42163620890656,66.13482028918767,74.31813798459248,47.65027618408203,67.08177947998047,75.1009521484375,0.22863997517546863,0.9469591907927963,0.7828141638450177,47.42163620890656,66.13482028918767,74.31813798459248,47.492213352276025,66.33562333823316,74.56382105009882,0.07057714336946219,0.20080304904548996,0.24568306550634134,1.9952031467608942,54.56940623021039,77.04884316019921,1.7817113041381878,55.09979131589257,75.15281229859801,-0.21349184262270637,0.5303850856821768,-1.8960308616012043,2.0,0.3250587121563595,mesh_unit,mesh_unit
root-o2-006,root-o1-001,2,1.07522676564882,1.0017943979874437,1.0733008367873669,0.13871248619935553,0.27742497239871106,0.28140825823518567,0.25354076794072916,0.2933426051837439,0.5552855906887171,partitioned_mesh_triangles,0.0664358268894748,centerline_frustum_estimate,56,0.823040012222379,short_trace,mesh_unit,mesh_unit^2,mesh_unit^3,,,88.73273992087285,88.73273992087285,58.91924846387626,65.73193356273518,24.393433337349432,24.393433337349432,41.58910970587631,65.73193356273518,51.409025610072064,65.46061853306253,73.15019102685648,51.304359436035156,64.8039321899414,72.40092468261719,0.0,0.0,-1.0,2.0,0.2688066914122049,mesh_unit,51.221877336597956,64.87823910136042,72.64573526967537,51.304359436035156,64.8039321899414,72.40092468261719,0.08248209943720042,-0.07430691141901491,-0.2448105870581827,51.409025610072064,65.46061853306253,73.15019102685648,51.304359436035156,64.8039321899414,72.40092468261719,-0.10466617403690748,-0.6566863431211232,-0.7492663442392882,51.409025610072064,65.46061853306253,73.15019102685648,51.33818950648965,65.25950018604368,72.98651239578436,-0.07083610358241543,-0.20111834701884845,-0.16367863107211633,1.9952031467608942,54.56940623021039,77.04884316019921,1.7817113041381878,55.09979131589257,75.15281229859801,-0.21349184262270637,0.5303850856821768,-1.8960308616012043,2.0,0.268806691412205,mesh_unit,mesh_unit
root-o2-007,root-o1-001,2,1.3219845964696677,1.2919902654463884,1.0232156014061886,0.16195827178479877,0.32391654356959754,0.3462915809023654,0.22487986946560592,0.37820314300805336,0.7509401485553728,partitioned_mesh_triangles,0.11801676149930766,centerline_frustum_estimate,67,0.8949209384518371,,mesh_unit,mesh_unit^2,mesh_unit^3,,,87.03803184786041,87.03803184786041,112.52330386542953,110.72312610315775,119.19642062052587,119.19642062052587,118.7920652620133,110.72312610315775,65.59160673055223,68.15723198037763,70.47865737205841,65.81022644042969,67.04627227783203,71.10092163085938,0.0,0.0,-1.0,2.0,0.330496149117417,mesh_unit,65.85450206147121,67.33136212721642,70.93970391551514,65.81022644042969,67.04627227783203,71.10092163085938,-0.04427562104152116,-0.2850898493843914,0.161217715344236,65.59160673055223,68.15723198037763,70.47865737205841,65.81022644042969,67.04627227783203,71.10092163085938,0.2186197098774585,-1.1109597025455997,0.6222642588009677,65.59160673055223,68.15723198037763,70.47865737205841,65.69536288949475,67.88313997050327,70.631418408275,0.10375615894251666,-0.27409200987436577,0.15276103621658876,1.6352309060024703,56.81330973545579,67.85470744132236,1.761826759772821,56.610401176617565,65.88775320924756,0.12659585377035065,-0.20290855883822445,-1.966954232074798,2.0,0.3304961491174169,mesh_unit,mesh_unit
root-o2-008,root-o1-001,2,1.2710544789368623,1.1938052651087712,1.0647083876121561,0.2279975960126456,0.4559951920252912,0.474861773128514,0.35043620144885573,0.5426876014985039,0.9650786830512215,partitioned_mesh_triangles,0.2465743058455791,centerline_frustum_estimate,70,0.628551934001865,,mesh_unit,mesh_unit^2,mesh_unit^3,,,84.94094837137813,84.94094837137813,127.64720782758423,104.85127557581808,123.38371438284753,123.38371438284753,111.89491107736154,104.85127557581808,72.13118479229024,69.35022439488665,65.95881530259246,72.74951934814453,68.4311752319336,66.40399169921876,0.0,0.0,-1.0,2.0,0.3177636197342155,mesh_unit,72.72023385203353,68.66032126317451,66.25176297080068,72.74951934814453,68.4311752319336,66.40399169921876,0.029285496111000953,-0.2291460312409157,0.15222872841808055,72.13118479229024,69.35022439488665,65.95881530259246,72.74951934814453,68.4311752319336,66.40399169921876,0.6183345558542896,-0.9190491629530584,0.4451763966263087,72.13118479229024,69.35022439488665,65.95881530259246,72.32753447887134,69.12025668431593,66.05646452532854,0.19634968658110097,-0.22996771057071896,0.09764922273608079,1.7175247104527063,56.776764661247626,67.48039998911148,1.6404950734879649,56.57727529101306,65.52394148929959,-0.07702963696474141,-0.19948937023456637,-1.9564584998118875,2.0,0.3177636197342156,mesh_unit,mesh_unit
root-o2-009,root-o1-002,2,1.1172431801985474,1.0199045739165418,1.0954389349468403,0.33101086993011003,0.6620217398602201,0.6464208664941188,0.2633835561835395,1.0918616702691033,1.098337055644414,partitioned_mesh_triangles,0.45080998123144134,centerline_frustum_estimate,71,0.8252772249953473,short_trace,mesh_unit,mesh_unit^2,mesh_unit^3,,,88.17927821920593,88.17927821920593,35.07894111609011,94.534734605652,64.54233421313025,64.54233421313025,68.43998545785348,94.534734605652,-5.432289770690417,71.83633241048287,82.57580932484399,-4.687307357788086,72.42347717285156,82.20101928710938,0.0,0.0,-1.0,2.0,0.27931079504963685,mesh_unit,-4.728954282245802,72.17474915279891,82.32107938020928,-4.687307357788086,72.42347717285156,82.20101928710938,0.041646924457715784,0.2487280200526527,-0.12006009309990873,-5.432289770690417,71.83633241048287,82.57580932484399,-4.687307357788086,72.42347717285156,82.20101928710938,0.7449824129023312,0.5871447623686947,-0.3747900377346127,-5.432289770690417,71.83633241048287,82.57580932484399,-5.187285805627534,71.94169405312732,82.49282437684747,0.24500396506288347,0.10536164264445347,-0.0829849479965219,2.6528722485467435,59.139827029689506,90.42311312344313,2.352604276175565,58.101895935509745,88.74902441478976,-0.3002679723711785,-1.0379310941797613,-1.6740887086533718,2.0,0.27931079504963685,mesh_unit,mesh_unit
root-o2-010,root-o1-002,2,1.6182209437193331,1.5662717689030763,1.0331674080115987,0.38159292546940465,0.7631858509388093,0.7570407609997971,0.5449979939713964,1.1651145050905192,2.4344780291737376,partitioned_mesh_triangles,0.589135139964991,centerline_frustum_estimate,174,0.6979842451088071,,mesh_unit,mesh_unit^2,mesh_unit^3,,,85.00255071097205,85.00255071097205,67.23168593374113,111.92533134297186,117.09568323844236,117.09568323844236,119.30266466504295,111.92533134297186,-7.513025550334369,75.12242866800133,80.53444069025616,-8.775785446167,75.64302062988281,81.30101013183594,0.0,0.0,-1.0,2.0,0.4045552359298332,mesh_unit,-8.53991695272853,75.37528654111037,81.1184536365286,-8.775785446167,75.64302062988281,81.30101013183594,-0.23586849343846872,0.26773408877244265,0.1825564953073382,-7.513025550334369,75.12242866800133,80.53444069025616,-8.775785446167,75.64302062988281,81.30101013183594,-1.2627598958326303,0.5205919618814789,0.7665694415797759,-7.513025550334369,75.12242866800133,80.53444069025616,-7.857727604930592,75.19852387341403,80.73206394847388,-0.3447020545962234,0.07609520541269887,0.19762325821771753,2.6326702845553265,59.06509510863794,90.2468138628414,2.3253658819854004,57.97428794904828,88.60744237172163,-0.3073044025699261,-1.0908071595896587,-1.6393714911197748,2.0,0.4045552359298333,mesh_unit,mesh_unit
root-o2-011,root-o1-002,2,1.503292847031651,1.4818215166501776,1.0144898222493162,0.1926274012247241,0.3852548024494482,0.35939989792838145,0.3030258069253543,0.5191936070156754,1.3703926182842876,partitioned_mesh_triangles,0.2201892965296863,centerline_frustum_estimate,101,0.6907734415498796,,mesh_unit,mesh_unit^2,mesh_unit^3,,,85.26784190180922,85.26784190180922,90.66734700770976,102.91211931998852,97.30177976938815,97.30177976938815,89.26015810830599,102.91211931998852,-8.183867013332858,77.1416935108093,77.8201286238668,-6.848564624786377,77.78387451171875,77.80099487304688,0.0,0.0,-1.0,2.0,0.3758232117579128,mesh_unit,-7.132443988713569,77.5432313015529,77.75330943224131,-6.848564624786377,77.78387451171875,77.80099487304688,0.28387936392719215,0.24064321016585666,0.047685440805565804,-8.183867013332858,77.1416935108093,77.8201286238668,-6.848564624786377,77.78387451171875,77.80099487304688,1.3353023885464808,0.6421810009094457,-0.019133750819918305,-8.183867013332858,77.1416935108093,77.8201286238668,-7.833392671793095,77.27553944105716,77.79785555999163,0.35047434153976287,0.1338459302478583,-0.02227306387516137,-4.605641008558548,59.90501623374896,62.957261608771205,-5.5863147220412905,60.995009560840984,61.60267274093976,-0.9806737134827426,1.0899933270920243,-1.3545888678314455,2.0,0.3758232117579127,mesh_unit,mesh_unit
root-o2-012,root-o1-003,2,1.1996159143703287,1.1917289910411564,1.00661805107408,0.21261824200460167,0.42523648400920333,0.45758930226502276,0.2807935626457529,0.5049737688610147,0.7697497690682742,partitioned_mesh_triangles,0.18892362437041885,centerline_frustum_estimate,70,0.8766384739278538,short_trace,mesh_unit,mesh_unit^2,mesh_unit^3,,,85.20740573822142,85.20740573822142,92.65428883396928,54.46826829585817,92.53768514028178,92.53768514028178,97.58910886682682,54.46826829585817,-23.54518207563401,60.98710382713702,85.84366362597345,-23.835819244384766,59.842124938964844,86.00105285644531,0.0,0.0,-1.0,2.0,0.2999039785925821,mesh_unit,-23.80276419565006,60.13990579201103,85.98777416344133,-23.835819244384766,59.842124938964844,86.00105285644531,-0.033055048734706105,-0.2977808530461843,0.013278693003982767,-23.54518207563401,60.98710382713702,85.84366362597345,-23.835819244384766,59.842124938964844,86.00105285644531,-0.29063716875075585,-1.1449788881721759,0.15738923047186404,-23.54518207563401,60.98710382713702,85.84366362597345,-23.637447170367775,60.706569985718716,85.89591601815333,-0.0922650947337651,-0.28053384141830406,0.05225239217988076,2.3358112876815724,58.024373223886265,88.6622462804075,2.233962455345112,56.565820085543024,87.30529904412107,-0.10184883233646058,-1.458553138343241,-1.3569472362864303,2.0,0.29990397859258217,mesh_unit,mesh_unit
root-o2-013,root-o1-003,2,1.3566180703489856,1.3262275584084793,1.0229150056095773,0.16659720221350693,0.33319440442701387,0.334061066925193,0.3304815876455467,0.3341738962121229,0.6822645291296918,partitioned_mesh_triangles,0.11867777383577677,centerline_frustum_estimate,64,0.675898438660464,,mesh_unit,mesh_unit^2,mesh_unit^3,,,89.39022218810995,89.39022218810995,72.88953977974509,126.60047483977112,145.61223977938377,145.61223977938377,150.7196609069189,126.60047483977112,-35.454687506393064,59.84301953904611,82.24424654638054,-35.8665771484375,59.34194564819336,83.40103149414062,0.0,0.0,-1.0,2.0,0.33915451758724635,mesh_unit,-35.691408927435845,59.402396777387665,83.13027511924177,-35.8665771484375,59.34194564819336,83.40103149414062,-0.1751682210016554,-0.06045112919430551,0.27075637489885196,-35.454687506393064,59.84301953904611,82.24424654638054,-35.8665771484375,59.34194564819336,83.40103149414062,-0.4118896420444358,-0.5010738908527514,1.1567849477600873,-35.454687506393064,59.84301953904611,82.24424654638054,-35.53359464674066,59.696145285159965,82.53958940400095,-0.07890714034759583,-0.14687425388614628,0.2953428576204118,-9.189975121074765,62.37788471140703,58.03279378831263,-10.459195023350665,62.9847879998115,56.64012940289159,-1.2692199022758999,0.6069032884044745,-1.3926643854210425,2.0,0.3391545175872464,mesh_unit,mesh_unit
root-o2-014,root-o1-006,2,1.3196492258283135,1.1596944919156094,1.1379283380474519,0.2125925846591186,0.4251851693182372,0.43365117130846564,0.362922595826783,0.47051573882923436,1.1849855280657566,partitioned_mesh_triangles,0.19171242934636648,centerline_frustum_estimate,90,0.8947911380141438,,mesh_unit,mesh_unit^2,mesh_unit^3,,,89.53586303471147,89.53586303471147,131.80430276525703,40.81288859920083,56.889746150038,56.889746150038,31.11781309246895,40.81288859920083,16.91807081198506,38.60865306083451,83.89385343391746,16.772552490234375,39.19004821777344,82.90103149414062,0.0,0.0,-1.0,2.0,0.32991230645707836,mesh_unit,17.024411735148885,39.07633134641185,83.08124670956556,16.772552490234375,39.19004821777344,82.90103149414062,-0.2518592449145096,0.11371687136158926,-0.18021521542493701,16.91807081198506,38.60865306083451,83.89385343391746,16.772552490234375,39.19004821777344,82.90103149414062,-0.1455183217506857,0.5813951569389246,-0.9928219397768316,16.91807081198506,38.60865306083451,83.89385343391746,16.984294183486103,38.76906372682289,83.61327365336292,0.0662233715010423,0.16041066598837972,-0.2805797805545325,2.2563665031150197,54.70093170220269,83.48980990726352,2.120516428536706,54.41626365213716,81.51747352013037,-0.13585007457831377,-0.28466805006552676,-1.9723363871331543,2.0,0.32991230645707836,mesh_unit,mesh_unit
root-o2-015,root-o1-006,2,2.2143119335869126,1.5681084166250217,1.4120910965790805,0.0,0.0,0.0,0.0,0.0,0.0,centerline_frustum_estimate,0.0,centerline_frustum_estimate,0,0.7757205641853314,shared_origin_promoted,mesh_unit,mesh_unit^2,mesh_unit^3,,,51.17706408714736,51.17706408714736,102.85003612116056,83.42316235456533,65.70909700291841,65.70909700291841,83.49244988030325,83.42316235456533,18.19723523280325,37.44961069153017,83.87875476498547,17.2065372467041,38.65206527709961,83.70103454589844,0.0,0.0,-1.0,2.0,0.5535779833967283,mesh_unit,17.078460575873375,38.16402204896072,83.92875972579358,17.2065372467041,38.65206527709961,83.70103454589844,0.12807667083072616,0.488043228138892,-0.2277251798951454,18.19723523280325,37.44961069153017,83.87875476498547,17.2065372467041,38.65206527709961,83.70103454589844,-0.9906979860991498,1.2024545855694413,-0.1777202190870355,18.19723523280325,37.44961069153017,83.87875476498547,17.7125379373346,37.26002420224276,83.87913449501751,-0.4846972954686528,-0.1895864892874073,0.00037973003203717326,2.2563665031150197,54.70093170220269,83.48980990726352,2.120516428536706,54.41626365213716,81.51747352013037,-0.13585007457831377,-0.28466805006552676,-1.9723363871331543,2.0,0.5535779833967281,mesh_unit,mesh_unit
root-o2-016,root-o1-006,2,1.444448144706366,1.4237607315431335,1.0145301192151932,0.16578664241064686,0.3315732848212937,0.3142954453987443,0.20053411306839206,0.4971681354192943,1.1019906747678043,partitioned_mesh_triangles,0.184140652350388,centerline_frustum_estimate,95,0.6830224130467123,,mesh_unit,mesh_unit^2,mesh_unit^3,,,87.11286331869158,87.11286331869158,66.62478780083934,80.48153824986997,94.87162137929454,94.87162137929454,90.89650923577692,80.48153824986997,18.19723523280325,37.44961069153017,83.87875476498547,17.668743133544922,36.12775802612305,83.90103149414062,0.0,0.0,-1.0,2.0,0.3611120361765914,mesh_unit,17.706881451062507,36.48363834477563,83.87052566524673,17.668743133544922,36.12775802612305,83.90103149414062,-0.03813831751758556,-0.35588031865258074,0.03050582889389375,18.19723523280325,37.44961069153017,83.87875476498547,17.668743133544922,36.12775802612305,83.90103149414062,-0.5284920992583295,-1.3218526654071212,0.022276729155151997,18.19723523280325,37.44961069153017,83.87875476498547,18.033783972223002,37.12761990927866,83.87601173173923,-0.16345126058024917,-0.3219907822515111,-0.0027430332462472506,2.2563665031150197,54.70093170220269,83.48980990726352,2.120516428536706,54.41626365213716,81.51747352013037,-0.13585007457831377,-0.28466805006552676,-1.9723363871331543,2.0,0.3611120361765915,mesh_unit,mesh_unit
root-o2-019,root-o1-019,2,1.7326978139553995,1.4100300495444928,1.2288375091829735,0.0,0.0,0.0,0.0,0.0,0.0,centerline_frustum_estimate,0.0,centerline_frustum_estimate,0,0.868919469705167,,mesh_unit,mesh_unit^2,mesh_unit^3,,,85.39553141642757,85.39553141642757,168.43448162833727,87.73518733387269,91.9369383795787,91.9369383795787,137.65768629423758,87.73518733387269,-2.1247984711830554,56.06700012053648,63.58780392321846,-1.2718925476074219,55.64920425415039,64.6300048828125,0.0,0.0,-1.0,2.0,0.43317445348884975,mesh_unit,-1.663787365528579,55.833172179209875,64.61536379708723,-1.2718925476074219,55.64920425415039,64.6300048828125,0.3918948179211572,-0.18396792505948412,0.014641085725273228,-2.1247984711830554,56.06700012053648,63.58780392321846,-1.2718925476074219,55.64920425415039,64.6300048828125,0.8529059235756336,-0.41779586638608635,1.042200959594041,-2.1247984711830554,56.06700012053648,63.58780392321846,-2.0937868836837,56.04502466557773,64.01930765202678,0.031011587499355286,-0.021975454958749197,0.4315037288083232,-0.4043534742358933,56.74869315322912,64.32176860094148,-2.142800052325615,57.65489497819428,64.57126001602249,-1.738446578089722,0.9062018249651587,0.24949141508101036,2.0,0.43317445348884986,mesh_unit,mesh_unit
